,aid,title,season
0,343,も～っと！おジャ魔女どれみ,2001_0
1,4334,ポケットモンスター／ミュウツー！我ハココニ在リ,2001_0
2,335,ゾイド新世紀ZERO,2001_0
3,341,地球少女アルジュナ,2001_0
4,339,グラップラー刃牙－最大トーナメント編－,2001_0
5,336,グラップラー刃牙,2001_0
6,344,Dr.リンにきいてみて！,2001_0
7,337,爆転シュートベイブレード,2001_0
8,338,テイルズオブエターニア-TalesofEternia,2001_0
9,334,サラリーマン金太郎,2001_0
10,342,破壊魔定光,2001_0
11,8899,パワーパフガールズ,2001_0
12,340,地球防衛家族,2001_0
13,372,学園戦記ムリョウ,2001_1
14,376,フィギュア17つばさ＆ヒカル,2001_1
15,354,ジャングルはいつもハレのちグゥ,2001_1
16,350,デジモンテイマーズ,2001_1
17,364,ギャラクシーエンジェル,2001_1
18,345,"Z.O.EDolores,i-ゾーンオブエンダーズドロレスアイ",2001_1
19,361,NOIR-ノワール,2001_1
20,349,コメットさん☆,2001_1
21,351,機動天使エンジェリックレイヤー,2001_1
22,357,新白雪姫伝説プリーティア,2001_1
23,365,逮捕しちゃうぞSecondSeason,2001_1
24,363,PROJECTARMS-プロジェクト・アームズ,2001_1
25,353,魔法戦士リウイ,2001_1
26,362,電脳冒険記ウェブダイバー,2001_1
27,347,超GALS！寿蘭,2001_1
28,352,こみっくパーティー,2001_1
29,356,シスタープリンセス,2001_1
30,355,スターオーシャンEX,2001_1
31,358,ザ・ソウルテイカー魂狩-THESOULTAKER,2001_1
32,360,GENEshaft[ジーンシャフト],2001_1
33,370,鋼鉄天使くるみ2式,2001_1
34,369,花右京メイド隊,2001_1
35,359,破邪巨星G弾劾凰,2001_1
36,348,パラッパラッパー,2001_1
37,374,オフサイド,2001_1
38,346,ランディムRUN=DIM,2001_1
39,366,仰天人間バトシーラー,2001_1
40,4038,２１世紀まんがはじめて物語,2001_1
41,383,フルーツバスケット[スタジオディーン版],2001_2
42,381,スクライド,2001_2
43,379,シャーマンキング,2001_2
44,386,星界の戦旗II,2001_2
45,380,あぃまぃみぃ！ストロベリー・エッグ,2001_2
46,382,魔法少女猫たると,2001_2
47,378,サムライガールリアルバウトハイスクール-SAMURAIGIRL,2001_2
48,4490,DiGiCharat夏休みスペシャル,2001_2
49,385,ののちゃん,2001_2
50,402,ヒカルの碁,2001_3
51,401,テニスの王子様,2001_3
52,411,ちっちゃな雪使いシュガー,2001_3
53,396,まほろまてぃっく,2001_3
54,397,星のカービィ,2001_3
55,408,サイボーグ009THECYBORGSOLDIER,2001_3
56,409,HELLSINGヘルシング,2001_3
57,393,ヴァンドレッドtheSecondStage,2001_3
58,407,カスミン,2001_3
59,405,レイブRAVEGROOVEADVENTURERAVE,2001_3
60,389,FF：Uファイナルファンタジー：アンリミテッド,2001_3
61,388,旋風の用心棒,2001_3
62,400,激闘！クラッシュギアTURBO,2001_3
63,403,ココロ図書館,2001_3
64,391,X－エックス,2001_3
65,404,神鵰侠侶コンドルヒーロー,2001_3
66,392,おとぎストーリー天使のしっぽ,2001_3
67,390,しあわせソウのオコジョさん,2001_3
68,399,キャプテン翼平成版,2001_3
69,395,ナジカ電撃作戦,2001_3
70,394,バビル2世[2001年],2001_3
71,4094,ＰＲＯＪＥＣＴＡＲＭＳ-The2ndChapter-,2001_3
72,413,フルメタル・パニック！,2002_0
73,422,ラーゼフォンRahxephon,2002_0
74,426,おジャ魔女どれみドッカ～ン！,2002_0
75,421,おねがい☆ティーチャー,2002_0
76,427,ギャラクシーエンジェルAAAS第3期,2002_0
77,425,ギャラクシーエンジェルZ第2期,2002_0
78,423,Kanonカノン[東映アニメーション版],2002_0
79,429,ロックマンエグゼ,2002_0
80,416,炎の蜃気楼,2002_0
81,418,キン肉マンII世secondgenerations第1期,2002_0
82,417,爆転シュートベイブレード2002,2002_0
83,419,七人のナナ,2002_0
84,415,ぱにょぱにょデ・ジ・キャラット,2002_0
85,420,アクエリアンエイジSignforEvolution,2002_0
86,414,パタパタ飛行船の冒険,2002_0
87,424,幻魔大戦-神話前夜の章-,2002_0
88,4424,ヘイ！ヘイ！シュルーム,2002_0
89,451,十二国記,2002_1
90,444,満月をさがして,2002_1
91,435,あずまんが大王,2002_1
92,439,ちょびっツ,2002_1
93,452,藍より青し,2002_1
94,432,アベノ橋魔法☆商店街,2002_1
95,434,天地無用！GXP,2002_1
96,443,天使な小生意気,2002_1
97,442,東京ミュウミュウ,2002_1
98,455,王ドロボウJING-オウドロボウジン,2002_1
99,453,あたしンち,2002_1
100,447,ぴたテン,2002_1
101,449,デジモンフロンティア,2002_1
102,445,わがままフェアリーミルモでポン！,2002_1
103,437,.hack／／SIGN[ドットハックサイン],2002_1
104,456,ホイッスル！,2002_1
105,448,魔王ダンテ,2002_1
106,436,りぜるまいん,2002_1
107,433,HAPPY★LESSONTHETV,2002_1
108,438,東京アンダーグラウンド,2002_1
109,430,ヴァイスクロイツグリーエン,2002_1
110,446,電光超特急ヒカリアン,2002_1
111,431,GUNFRONTIER-ガンフロンティア,2002_1
112,440,爆闘宣言ダイガンダー,2002_1
113,454,ワイルド7another謀略運河,2002_1
114,466,プリンセスチュチュ,2002_2
115,462,最終兵器彼女,2002_2
116,468,OVERMANキングゲイナー-オーバーマン,2002_2
117,461,WitchHunterROBIN-ウィッチハンター・ロビン,2002_2
118,469,ハングリーハートWILDSTRIKER,2002_2
119,459,円盤皇女ワるきゅーレ[ワルキューレ],2002_2
120,460,G-onらいだーす-ジオンライダーズ,2002_2
121,458,サムライディーパーキョウSAMURAIDEEPERKYO,2002_2
122,464,ドラゴンドライブ,2002_2
123,463,陸上防衛隊まおちゃん,2002_2
124,457,朝霧の巫女,2002_2
125,465,ふぉうちゅんドッグす,2002_2
126,3818,ウミガメと少年,2002_2
127,475,攻殻機動隊STANDALONECOMPLEX[スタンドアローン・コンプレックス],2002_3
128,481,機動戦士ガンダムSEED[シード],2002_3
129,479,NARUTOナルト,2002_3
130,484,灰羽連盟,2002_3
131,2899,花田少年史,2002_3
132,478,ボンバーマンジェッターズ,2002_3
133,471,ぷちぷり＊ユーシィ,2002_3
134,473,ヒートガイジェイ,2002_3
135,491,ポケットモンスターアドバンスジェネレーション[ポケモン],2002_3
136,480,GetBackers[ゲットバッカーズ]奪還屋,2002_3
137,470,まほろまてぃっくもっと美しいもの,2002_3
138,476,キディ・グレイド[KIDDYGRADE],2002_3
139,472,スパイラル推理の絆,2002_3
140,483,超重神グラヴィオン,2002_3
141,485,デュエル・マスターズ,2002_3
142,4464,りぜるまいん（第２シリーズ）,2002_3
143,477,シスター・プリンセス～リピュア～,2002_3
144,490,pianoピアノ,2002_3
145,489,奇鋼仙女ロウラン,2002_3
146,474,アソボット戦記五九,2002_3
147,487,釣りバカ日誌,2002_3
148,486,神世紀伝マーズ,2002_3
149,492,バロムワン,2002_3
150,4387,巨人の星特別篇猛虎花形満,2002_3
151,11957,HowtoCopewithDeath,2002_3
152,493,WOLF'SRAIN-ウルフズレイン,2003_0
153,4234,ＴＨＥビッグオー～SecondSeason～,2003_0
154,505,明日のナージャ,2003_0
155,495,ストラトスフォー,2003_0
156,3349,ガラクタ通りのステイン,2003_0
157,494,爆転シュートベイブレードGレボリューション,2003_0
158,499,ななか6／17,2003_0
159,504,ガンパレード・マーチ新たなる行軍歌,2003_0
160,502,魔法遣いに大切なこと,2003_0
161,500,L／R-LicensedbyRoyal-エルアール・ライセンスドバイロイアル,2003_0
162,501,らいむいろ戦奇譚,2003_0
163,496,MOUSEマウス,2003_0
164,497,.hack[ドットハック]黄昏の腕輪伝説,2003_0
165,503,超ロボット生命体トランスフォーマーマイクロン伝説,2003_0
166,498,出撃！マシンロボレスキュー,2003_0
167,509,ミッドナイトホラースクール,2003_0
168,507,魔獣戦線THEAPOCALYPSE-ジ・アポカリプス,2003_0
169,523,カレイドスター,2003_1
170,534,LASTEXILEラストエグザイル,2003_1
171,531,金色のガッシュベル！！,2003_1
172,538,キノの旅,2003_1
173,514,無人惑星サヴァイヴ,2003_1
174,518,ふたつのスピカ,2003_1
175,543,TEXHNOLYZEテクノライズ,2003_1
176,539,スクラップド・プリンセス,2003_1
177,521,宇宙のステルヴィア,2003_1
178,519,D・N・ANGEL-ディーエヌエンジェル,2003_1
179,512,真月譚月姫,2003_1
180,530,ASTROBOY鉄腕アトム-アストロボーイ,2003_1
181,520,ボボボーボ・ボーボボ,2003_1
182,513,まぶらほ,2003_1
183,525,マーメイドメロディーぴちぴちピッチ,2003_1
184,528,デ・ジ・キャラットにょ,2003_1
185,541,探偵学園Q,2003_1
186,515,エアマスター,2003_1
187,524,魔探偵ロキRAGNAROK-ラグナロク,2003_1
188,536,DEARBOYS[ディアボーイズ],2003_1
189,542,GADGUARDガドガード,2003_1
190,529,ソニックX[エックス],2003_1
191,533,妄想科学シリーズワンダバスタイル,2003_1
192,535,コロッケ！,2003_1
193,544,ウルトラマニアック,2003_1
194,517,獣兵衛忍風帖龍宝玉篇,2003_1
195,7936,みんなのうた笑顔,2003_1
196,537,成恵の世界,2003_1
197,516,E'SOTHERWISEエスアザーワイズ,2003_1
198,547,セイント・ビースト聖獣降臨編,2003_1
199,510,F-ZEROファルコン伝説-エフゼロ,2003_1
200,522,冒険遊記プラスターワールド,2003_1
201,546,セイントビースト四聖獣聖獣降臨編-SaintBeast,2003_1
202,545,SUBMARINESUPER99-サブマリンスーパー99,2003_1
203,4459,かっぱまき,2003_1
204,558,フルメタル・パニック？ふもっふ,2003_2
205,550,D.C.ダカーポ,2003_2
206,552,おねがい☆ツインズ,2003_2
207,549,住めば都のコスモス荘すっとこ大戦ドッコイダー,2003_2
208,553,高橋留美子劇場,2003_2
209,4486,まほろまてぃっく夏のＴＶスペシャルえっちなのはいけないと思います！,2003_2
210,557,一騎当千,2003_2
211,551,HAPPY★LESSONADVANCE[ハッピーレッスン・アドバンス],2003_2
212,555,グリーングリーン,2003_2
213,556,ぽぽたん,2003_2
214,554,骸なる星珠たる子なるたる,2003_2
215,548,ダイバージェンス・イヴ,2003_2
216,4321,ちっちゃな雪使いシュガー特別編,2003_2
217,3820,凧になったお母さん,2003_2
218,9460,ビリー＆マンディ,2003_2
219,9921,ちっちゃな雪使いシュガー特別編「その胸にあるもの前編」,2003_2
220,9922,ちっちゃな雪使いシュガー特別編「その胸にあるもの後編」,2003_2
221,572,プラネテス-ΠΛΑΝΗΤΕΣ,2003_3
222,571,鋼の錬金術師,2003_3
223,582,GUNSLINGERGIRL[ガンスリンガーガール],2003_3
224,580,Gungraveガングレイヴ,2003_3
225,9153,カレイドスター新たなる翼,2003_3
226,560,R.O.DTHETV[リードオアダイ],2003_3
227,579,君が望む永遠,2003_3
228,569,BPSバトルプログラマーシラセ,2003_3
229,568,魁！！クロマティ高校,2003_3
230,583,藍より青し縁,2003_3
231,567,最遊記RELOAD,2003_3
232,586,クロノクルセイド,2003_3
233,574,高橋留美子劇場人魚の森,2003_3
234,573,ロックマンエグゼアクセス-AXESS,2003_3
235,578,おもいっきり科学アドベンチャーそーなんだ！,2003_3
236,581,わがままフェアリーミルモでポン！ごおるでん,2003_3
237,563,京極夏彦巷説百物語,2003_3
238,575,銀河鉄道物語,2003_3
239,561,PEACEMAKER[ピースメーカー]鐵,2003_3
240,570,瓶詰妖精,2003_3
241,566,ヤミと帽子と本の旅人,2003_3
242,564,神魂合体ゴーダンナー！！,2003_3
243,584,Gilgamesh-ギルガメッシュ,2003_3
244,585,円盤皇女ワるきゅーレ十二月の夜想曲-ワルキューレ,2003_3
245,559,PAPUWAパプワ,2003_3
246,577,ポポロクロイス,2003_3
247,565,絶体絶命でんぢゃらすじーさん,2003_3
248,562,AVENGERアヴェンジャー,2003_3
249,4409,お茶犬ちょこっとものがたり,2003_3
250,588,攻殻機動隊S.A.C2ndGIG,2004_0
251,594,マリア様がみてる,2004_0
252,599,モンキーターン,2004_0
253,606,妄想代理人,2004_0
254,605,ふたりはプリキュア,2004_0
255,602,光と水のダフネ,2004_0
256,592,十兵衛ちゃん2～シベリア柳生の逆襲～,2004_0
257,597,エリア88,2004_0
258,593,SDガンダムフォース,2004_0
259,589,MEZZOメゾ,2004_0
260,595,超重神グラヴィオンツヴァイ,2004_0
261,607,勇午-交渉人,2004_0
262,591,ごくせん,2004_0
263,604,かいけつゾロリ,2004_0
264,603,北へ。DiamondDustDrops,2004_0
265,601,BURN-UPSCRAMBLEバーンナップ・スクランブル,2004_0
266,587,みさきクロニクルダイバージェンスイヴ,2004_0
267,596,ゆめりあ,2004_0
268,600,超変身コス∞プレイヤー,2004_0
269,609,ヒットをねらえ！,2004_0
270,590,B-伝説！バトルビーダマン-ビーレジェンド,2004_0
271,608,シンデレラボーイ,2004_0
272,652,サムライチャンプルー,2004_1
273,637,MONSTERモンスター,2004_1
274,620,今日からマ王！,2004_1
275,653,SAMURAI7_サムライセブン,2004_1
276,618,ケロロ軍曹,2004_1
277,648,頭文字DFourthStage,2004_1
278,627,レジェンズ甦る竜王伝説,2004_1
279,625,美鳥の日々,2004_1
280,644,魔法少女隊アルス,2004_1
281,619,愛してるぜベイベ★★,2004_1
282,610,火の鳥,2004_1
283,636,陸奥圓明流外伝修羅の刻,2004_1
284,647,GANTZ～thefirststage～ガンツ,2004_1
285,616,最遊記RELOADGUNLOCK,2004_1
286,643,新ゲッターロボ,2004_1
287,641,鉄人28号[2004年版],2004_1
288,633,MADLAXマドラックス,2004_1
289,621,マーメイドメロディーぴちぴちピッチピュア,2004_1
290,613,恋風-こいかぜ,2004_1
291,634,GetRide！アムドライバー[ゲットライド],2004_1
292,614,天上天下,2004_1
293,612,絢爛舞踏祭ザ・マーズ・デイブレイク,2004_1
294,639,忘却の旋律,2004_1
295,632,神魂合体ゴーダンナー！！SECONDSEASON,2004_1
296,1568,せんせいのお時間,2004_1
297,617,この醜くも美しい世界,2004_1
298,640,爆裂天使,2004_1
299,651,LOVELOVE？ラブラブ,2004_1
300,646,ぷぎゅる,2004_1
301,624,花右京メイド隊LaVerite,2004_1
302,623,DANDOH！-ダンドー,2004_1
303,635,ラグナロク・ジ・アニメーション-RAGNAROKTHEANIMATION,2004_1
304,629,マシュマロ通信,2004_1
305,630,絶対絶命でんぢゃらすじーさん,2004_1
306,645,パンダーゼットTHEROBONIMATION,2004_1
307,626,それいけ！ズッコケ三人組,2004_1
308,622,モリゾーとキッコロ,2004_1
309,4309,デュエル・マスターズチャージ,2004_1
310,668,エルフェンリート,2004_2
311,663,蒼穹のファフナー,2004_2
312,659,モンキーターンV,2004_2
313,662,マリア様がみてる春,2004_2
314,666,ニニンがシノブ伝,2004_2
315,667,ギャラクシーエンジェルX第4期,2004_2
316,654,KURAUPhantomMemory-クラウ・ファントムメモリー,2004_2
317,670,風人物語,2004_2
318,661,アガサ・クリスティーの名探偵ポワロとマープル,2004_2
319,665,お伽草子,2004_2
320,658,DearS-ディアーズ,2004_2
321,664,GIRLSブラボーfirstseasonガールズブラボー,2004_2
322,656,月は東に日は西に,2004_2
323,657,Wind～abreathofheart～,2004_2
324,677,魔法少女リリカルなのは,2004_3
325,711,MAJOR第1シリーズ-メジャー,2004_3
326,693,巌窟王-がんくつおう,2004_3
327,700,ローゼンメイデン,2004_3
328,695,BLEACHブリーチ,2004_3
329,703,機動戦士ガンダムSEEDDESTINY[シードデスティニー],2004_3
330,691,ファンタジックチルドレン,2004_3
331,701,ジパング,2004_3
332,705,ブラックジャック,2004_3
333,704,げんしけん,2004_3
334,692,スクールランブル,2004_3
335,709,学園アリス,2004_3
336,672,舞-HiME,2004_3
337,698,遊戯王デュエルモンスターズGX,2004_3
338,706,焼きたて！！ジャぱん,2004_3
339,681,神無月の巫女,2004_3
340,697,BECKベック,2004_3
341,674,陰陽大戦記,2004_3
342,676,月詠-MOONPHASE-,2004_3
343,690,砂ぼうず,2004_3
344,694,tacticsタクティクス,2004_3
345,684,ロックマンエグゼストリーム-Stream,2004_3
346,673,冒険王ビィト,2004_3
347,683,ToHeart－Remembermymemories－,2004_3
348,678,遥かなる時空の中で-八葉抄,2004_3
349,675,うた∽かた,2004_3
350,707,グレネーダーほほえみの閃士,2004_3
351,680,Φなる・あぷろーち[ファイナルアプローチ],2004_3
352,796,カッパの飼い方,2004_3
353,696,双恋ふたこい,2004_3
354,699,リングにかけろ1,2004_3
355,702,Wウィッシュ[ダブルウィッシュ],2004_3
356,686,ゾイドフューザーズ,2004_3
357,710,吟遊黙示録マイネリーベ,2004_3
358,689,サムライガン,2004_3
359,679,下級生2～瞳の中の少女達～,2004_3
360,708,LegendofDUO-レジェンドオブデュオ,2004_3
361,682,VIEWTIFULJOE-ビュウティフル・ジョー,2004_3
362,687,ポケモン☆サンデー[ポケットモンスター],2004_3
363,9958,月のワルツ,2004_3
364,688,流星戦隊ムスメット,2004_3
365,7937,カゼノトオリミチ,2004_3
366,671,カレーの国コバ～ル,2004_3
367,717,AIRエアー,2005_0
368,727,サムライチャンプルー2ndシーズン,2005_0
369,731,増田こうすけ劇場ギャグマンガ日和,2005_0
370,716,ああっ女神さまっ,2005_0
371,723,ギャラリーフェイク,2005_0
372,715,魔法先生ネギま！,2005_0
373,730,ふたりはプリキュアMaxHeart,2005_0
374,726,だめっこどうぶつ,2005_0
375,725,まほらばHeartfuldays,2005_0
376,713,スターシップ・オペレーターズ,2005_0
377,729,BUZZERBEATERブザービーター,2005_0
378,720,ピーチガール,2005_0
379,728,GIRLSブラボーsecondseasonガールズブラボー,2005_0
380,719,好きなものは好きだからしょうがない！！,2005_0
381,2957,JINKI：EXTEND[ジンキ・エクステンド],2005_0
382,724,UG☆アルティメットガール,2005_0
383,714,Xenosaga-ゼノサーガTHEANIMATION,2005_0
384,2958,まじかるカナン,2005_0
385,712,らいむいろ流奇譚X恋、教エテクダサイ。,2005_0
386,4405,まじめにふまじめかいけつゾロリ,2005_0
387,3735,デジタルモンスターゼヴォリューション,2005_0
388,4133,Ｂ-伝説！バトルビーダマン炎魂（ファイヤースピリッツ！）,2005_0
389,759,交響詩篇エウレカセブン,2005_1
390,756,バジリスク～甲賀忍法帖,2005_1
391,757,ハチミツとクローバー,2005_1
392,744,ガラスの仮面[東京ムービー版],2005_1
393,740,創聖のアクエリオン,2005_1
394,741,うえきの法則,2005_1
395,737,英國戀物語エマ,2005_1
396,754,ツバサクロニクル,2005_1
397,747,アイシールド21-EYESHIELD21,2005_1
398,736,今日からマ王！[第2シリーズ],2005_1
399,745,いちご100％,2005_1
400,739,おねがいマイメロディ,2005_1
401,735,ふしぎ星の☆ふたご姫,2005_1
402,749,甲虫王者ムシキング～森の民の伝説～,2005_1
403,764,雪の女王,2005_1
404,750,スピードグラファー,2005_1
405,751,フタコイオルタナティブ,2005_1
406,738,MARメルヘヴン,2005_1
407,755,ゾイドジェネシス,2005_1
408,743,エレメンタルジェレイド,2005_1
409,761,トリニティ・ブラッド,2005_1
410,763,絶対少年,2005_1
411,746,極上生徒会,2005_1
412,748,LOVELESSラブレス,2005_1
413,752,これが私の御主人様,2005_1
414,758,ドラえもん[第2作-第2期],2005_1
415,753,おでんくん,2005_1
416,734,IZUMO猛き剣の閃記-イズモ,2005_1
417,733,こいこい7,2005_1
418,4534,超生命体トランスフォーマービーストウォーズリターンズ,2005_1
419,762,戦国英雄伝説新釈：眞田十勇士,2005_1
420,765,パタリロ西遊記！,2005_1
421,779,フルメタル・パニック！TheSecondRaid,2005_2
422,766,かみちゅ！,2005_2
423,782,苺ましまろ,2005_2
424,774,ガン×ソードGUN×SWORD,2005_2
425,780,SHUFFLE！シャッフル,2005_2
426,771,ぱにぽにだっしゅ！,2005_2
427,768,D.C.S.S.ダ・カーポセカンドシーズン,2005_2
428,777,涼風,2005_2
429,769,シュガシュガルーン,2005_2
430,781,ぺとぺとさん,2005_2
431,783,強殖装甲ガイバー,2005_2
432,776,タイドライン・ブルー,2005_2
433,778,プレイボール,2005_2
434,4475,イエロー・ジャケット,2005_2
435,775,あまえないでよっ！！,2005_2
436,772,奥さまは魔法少女,2005_2
437,767,機動新撰組萌えよ剣TV,2005_2
438,773,あかほり外道アワーらぶげ(絶対正義ラブフェロモン／それゆけ！外道乙女隊),2005_2
439,770,おくさまは女子高生,2005_2
440,786,蟲師,2005_3
441,801,ARIATheANIMATION-アリアジアニメーション,2005_3
442,789,灼眼のシャナ,2005_3
443,788,魔法少女リリカルなのはA’s-エース,2005_3
444,808,BLOOD+ブラッドプラス,2005_3
445,806,ソルティレイSoltyRei,2005_3
446,800,闘牌伝説アカギ闇に舞い降りた天才,2005_3
447,813,ローゼンメイデントロイメント,2005_3
448,787,地獄少女,2005_3
449,809,ノエインもうひとりの君へ,2005_3
450,817,MAJOR第2シリーズ-メジャー,2005_3
451,798,capetaカペタ,2005_3
452,807,舞-乙HiME,2005_3
453,803,BLACKCATブラックキャット,2005_3
454,792,エンジェル・ハート-AngelHeart,2005_3
455,811,ParadiseKissパラダイスキス,2005_3
456,799,アニマル横町,2005_3
457,815,かりん,2005_3
458,812,銀盤カレイドスコープ,2005_3
459,810,ラムネ,2005_3
460,805,冒険王ビィトエクセリオン,2005_3
461,784,Canvas2虹色のスケッチ-キャンバスツー,2005_3
462,818,リーンの翼,2005_3
463,814,銀牙伝説ウィード,2005_3
464,795,ToHeart2,2005_3
465,797,クラスターエッジ,2005_3
466,785,IGPX-アイジーピーエックス,2005_3
467,793,ロックマンエグゼビースト-BEAST,2005_3
468,802,ガンパレード・オーケストラ,2005_3
469,791,格闘美神武龍,2005_3
470,816,ガイキングLEGENDOFDAIKU-MARYU,2005_3
471,794,はっぴぃセブンざ・テレビまんが,2005_3
472,804,こてんこてんこ,2005_3
473,826,Fate／staynight[フェイト／ステイナイト][スタジオディーン版],2006_0
474,838,半分の月がのぼる空,2006_0
475,844,エルゴプラクシー,2006_0
476,837,怪～ayakashi～JapaneseClassicHorror[アヤカシ],2006_0
477,831,よみがえる空RESCUEWINGS,2006_0
478,842,ふたりはプリキュアSplashStar,2006_0
479,840,びんちょうタン,2006_0
480,841,REC-レック,2006_0
481,836,かしましガールミーツガール,2006_0
482,839,吟遊黙示録マイネリーベwieder,2006_0
483,845,しにがみのバラッド。,2006_0
484,833,おろしたてミュージカル練馬大根ブラザーズ,2006_0
485,832,プレイボール2nd,2006_0
486,828,陰からマモル！,2006_0
487,822,あまえないでよっ！！喝！！,2006_0
488,820,鍵姫物語永久アリス輪舞曲,2006_0
489,819,マジカノ,2006_0
490,827,タクティカルロア,2006_0
491,825,LEMONANGELPROJECT-レモンエンジェルプロジェクト,2006_0
492,824,落語天女おゆい,2006_0
493,829,ワンワンセレプそれゆけ！徹之進,2006_0
494,821,キン肉マン2世ULTIMATEMUSCLE2,2006_0
495,835,FunnyPetsファニーペッツ,2006_0
496,868,銀魂,2006_1
497,893,BLACKLAGOONブラックラグーン,2006_1
498,858,涼宮ハルヒの憂鬱,2006_1
499,867,ひぐらしのなく頃に,2006_1
500,848,桜蘭高校ホスト部,2006_1
501,864,うたわれるもの,2006_1
502,853,ARIATheNATURAL[アリアザナチュラル],2006_1
503,886,ZEGAPAINゼーガペイン,2006_1
504,888,xxxHOLiCホリック,2006_1
505,896,彩雲国物語,2006_1
506,878,ウィッチブレイドWitchblade,2006_1
507,884,NANAナナ,2006_1
508,852,スクールランブル二学期,2006_1
509,865,ストロベリーパニック,2006_1
510,874,いぬかみっ！,2006_1
511,885,ああっ女神さまっそれぞれの翼,2006_1
512,904,ツバサクロニクル第2シリーズ,2006_1
513,905,神様家族,2006_1
514,854,牙-KIBA-,2006_1
515,4278,おねがいマイメロディくるくるシャッフル！,2006_1
516,860,シムーン,2006_1
517,846,学園ヘヴン,2006_1
518,898,ブラックジャック21,2006_1
519,3211,THEFROGMANSHOW古墳ギャルのCoffy[コフィー],2006_1
520,900,獣王星,2006_1
521,849,妖怪人間ベム,2006_1
522,847,吉永さん家のガーゴイル,2006_1
523,877,プリンセス・プリンセス,2006_1
524,861,妖逆門,2006_1
525,866,錬金3級まじかる？ぽか～ん,2006_1
526,859,女子高生GIRLS-HIGH,2006_1
527,855,デジモンセイバーズ,2006_1
528,881,THEFROGMANSHOW秘密結社鷹の爪,2006_1
529,907,FLAG[フラッグ],2006_1
530,870,エア・ギア[AIRGEAR],2006_1
531,863,ぜんまいざむらい,2006_1
532,869,魔界戦記ディスガイア,2006_1
533,890,きらりん☆レボリューション,2006_1
534,903,TOKKO特公,2006_1
535,876,.hack／／Roots[ドットハックルーツ],2006_1
536,902,ザ・サード～蒼い瞳の少女～,2006_1
537,906,機神咆吼デモンベイン,2006_1
538,871,ガラスの艦隊,2006_1
539,891,ロックマンエグゼビーストプラス-BEAST+,2006_1
540,908,NIGHTHEADGENESIS-ナイトヘッドジェネシス,2006_1
541,889,西の善き魔女AstreaTestament,2006_1
542,892,夢使い,2006_1
543,899,姫様ご用心,2006_1
544,875,ソウルリンクSoulLink,2006_1
545,879,RAYTHEANIMATION,2006_1
546,895,ひまわりっ！,2006_1
547,851,格闘美神武龍REBIRTH,2006_1
548,872,ラブゲッCHUミラクル声優白書,2006_1
549,897,MUSASHI-GUN道-ムサシガンドウ,2006_1
550,850,ふしぎ星の☆ふたご姫Gyu！,2006_1
551,862,味楽る！ミミカ,2006_1
552,901,砂沙美☆魔法少女クラブ,2006_1
553,894,少女チャングムの夢,2006_1
554,880,吉宗,2006_1
555,4323,ＴＡＭＡ＆ＦＲＩＥＮＤＳ探せ！魔法のプニプニストーン,2006_1
556,920,ゼロの使い魔,2006_2
557,928,NHKにようこそ！／N・H・Kにようこそ！,2006_2
558,910,ハチミツとクローバーII,2006_2
559,921,僕等がいた,2006_2
560,934,増田こうすけ劇場ギャグマンガ日和2,2006_2
561,917,シュヴァリエ,2006_2
562,919,ケモノヅメ,2006_2
563,909,貧乏姉妹物語,2006_2
564,914,おとぎ銃士赤ずきん,2006_2
565,915,出ましたっ！パワパフガールズZ,2006_2
566,930,王と鳥,2006_2
567,924,無敵看板娘,2006_2
568,937,BLACKBLOODBROTHERS-ブラック・ブラッド・ブラザーズ,2006_2
569,929,イノセント・ヴィーナス-INNOCENTVENUS,2006_2
570,922,コヨーテラグタイムショー,2006_2
571,927,となグラ！,2006_2
572,925,ちょこッとSister,2006_2
573,912,恋する天使アンジェリーク-心のめざめる時-,2006_2
574,916,ProjectBLUE地球SOS-プロジェクト・ブルー,2006_2
575,913,まもって！ロリポップ,2006_2
576,918,太陽の黙示録,2006_2
577,911,つよきすCool×Sweet,2006_2
578,926,内閣権力犯罪強制取締官財前丈太郎,2006_2
579,935,HANOKA～葉ノ香～-ハノカ,2006_2
580,962,コードギアス反逆のルルーシュ,2006_3
581,946,DEATHNOTE-デスノート,2006_3
582,951,BLACKLAGOONTheSecondBarrage[ブラックラグーン・ザ・セカンドバラージ],2006_3
583,961,Kanonカノン[京都アニメーション版],2006_3
584,948,D.Gray-man[ディーグレイマン],2006_3
585,971,家庭教師ヒットマンREBORN！[リボーン],2006_3
586,973,史上最強の弟子ケンイチ,2006_3
587,976,少年陰陽師,2006_3
588,967,人造昆虫カブトボーグVxV,2006_3
589,972,地獄少女二籠-ふたこもり,2006_3
590,983,結界師,2006_3
591,950,ゴーストハント,2006_3
592,955,武装錬金,2006_3
593,939,金色のコルダ～PrimoPasso～,2006_3
594,979,乙女はお姉さまに恋してる,2006_3
595,942,PumpkinScissorsパンプキン・シザーズ,2006_3
596,1638,ポケットモンスターダイヤモンド&amp;パール[ポケモン],2006_3
597,945,ときめきメモリアルOnlyLove,2006_3
598,964,すもももももも地上最強のヨメ,2006_3
599,980,働きマン,2006_3
600,949,ヤマトナデシコ七変化,2006_3
601,952,レッドガーデンREDGARDEN,2006_3
602,981,バーテンダー,2006_3
603,968,幕末機関説いろはにほへと,2006_3
604,963,あさっての方向。,2006_3
605,974,天保異聞妖奇士,2006_3
606,977,流星のロックマン,2006_3
607,984,奏光のストレイン,2006_3
608,954,ネギま！？,2006_3
609,966,009-1[ゼロゼロナインワン],2006_3
610,956,スーパーロボット大戦OGディバイン・ウォーズ,2006_3
611,969,護くんに女神の祝福を！,2006_3
612,960,Gift～ギフト～eternalrainbow,2006_3
613,947,夜明け前より瑠璃色なCrescentLove,2006_3
614,959,はぴねす！,2006_3
615,953,蒼天の拳,2006_3
616,970,くじびきアンバランス,2006_3
617,941,マージナルプリンス月桂樹の王子達,2006_3
618,986,TOKYOTRIBE2-トウキョウトライブ,2006_3
619,943,らぶドルLovelyIdol,2006_3
620,965,銀色のオリンシス,2006_3
621,940,ギャラクシーエンジェる～ん,2006_3
622,975,ぷるるんっ！しずくちゃん,2006_3
623,957,砂沙美☆魔法少女クラブシーズン2,2006_3
624,958,銀河鉄道物語～永遠への分岐点～,2006_3
625,938,オーバン・スターレーサーズ,2006_3
626,987,うっかりペネロペ,2006_3
627,4221,FunnyPetsファニーペッツ2ndシーズン,2006_3
628,4104,RGBアドベンチャー,2006_3
629,1003,のだめカンタービレ,2007_0
630,1011,NARUTOナルト疾風伝,2007_0
631,1001,ひだまりスケッチ,2007_0
632,996,MAJOR第3シリーズ-メジャー,2007_0
633,988,ローゼンメイデンオーベルテューレ,2007_0
634,991,レ・ミゼラブル少女コゼット,2007_0
635,999,がくえんゆーとぴあまなびストレート！,2007_0
636,1015,MOONLIGHTMILE,2007_0
637,1012,ロケットガール,2007_0
638,1009,Yes！プリキュア5,2007_0
639,997,デルトラクエスト,2007_0
640,989,ウィンターガーデン,2007_0
641,1013,一騎当千DragonDestiny[ドラゴンデスティニー],2007_0
642,1007,東京魔人學園剣風帖龍龍(トウ),2007_0
643,998,シャッフル！メモリーズ-SHUFFLE！MEMORIES,2007_0
644,1004,FLAG[フラッグ]第2シーズン,2007_0
645,993,セイントオクトーバーSaintOctober,2007_0
646,1005,月面兎兵器ミーナ,2007_0
647,1010,獣装機攻ダンクーガノヴァ,2007_0
648,1014,ライディーンREIDEEN,2007_0
649,4440,恋する天使アンジェリーク～かがやきの明日～,2007_0
650,1000,MasterofEpicTheAnimationAgeマスターオブエピック・ジアニメーションエイジ,2007_0
651,995,ひまわりっ！！,2007_0
652,1002,VenusVersusVirus-ヴィーナスヴァーサスヴァイアラス,2007_0
653,994,京四郎と永遠の空,2007_0
654,1008,古代王者恐竜キングDキッズアドベンチャー,2007_0
655,8685,オリガのロシア語講座,2007_0
656,4314,アニメ・ピンキーストリート,2007_0
657,1022,天元突破グレンラガン,2007_1
658,1045,DarkerthanBLACK-ダーカーザンブラック黒の契約者,2007_1
659,1056,らき☆すた,2007_1
660,1024,瀬戸の花嫁,2007_1
661,1064,電脳コイル,2007_1
662,1058,おおきく振りかぶって,2007_1
663,1055,ぼくらの,2007_1
664,1054,精霊の守り人,2007_1
665,1023,ハヤテのごとく！,2007_1
666,1021,魔法少女リリカルなのはStrikerS[ストライカーズ],2007_1
667,1032,CLAYMOREクレイモア,2007_1
668,1051,彩雲国物語第２シリーズ,2007_1
669,1057,風のスティグマ（風の聖痕）,2007_1
670,1053,ラブコン,2007_1
671,1046,sola-そら,2007_1
672,1020,ヒロイック・エイジ,2007_1
673,1052,地球へ…(テレビ版),2007_1
674,1039,ロミオ×ジュリエット,2007_1
675,1044,やさいのようせい,2007_1
676,1035,OverDrive-オーバードライブ,2007_1
677,1061,英國戀物語エマ第二幕,2007_1
678,1658,ながされて藍蘭島,2007_1
679,1028,エル・カザド,2007_1
680,1037,大江戸ロケット,2007_1
681,1067,DevilMayCry-デビルメイクライ,2007_1
682,4632,ナミダの向こう,2007_1
683,1065,湾岸MIDNIGHT-ミッドナイト,2007_1
684,1018,ひとひら,2007_1
685,1026,アイドルマスターXENOGLOSSIA[ゼノグラシア],2007_1
686,1019,鉄人28号白昼の残月,2007_1
687,1059,怪物王女,2007_1
688,1063,AFROSAMURAIアフロサムライ,2007_1
689,1033,セイント・ビースト光陰叙事詩天使譚,2007_1
690,1038,神曲奏界ポリフォニカ,2007_1
691,1031,この青空に約束を―〜ようこそつぐみ寮へ〜,2007_1
692,1048,かみちゃまかりん,2007_1
693,1040,機神大戦ギガンティックフォーミュラ,2007_1
694,1050,BLUEDRAGONブルードラゴン,2007_1
695,1062,スカルマンTHESKULLMAN,2007_1
696,1047,シャイニング・ティアーズ・クロス・ウィンド,2007_1
697,1025,ゲゲゲの鬼太郎[第5作-00's],2007_1
698,1030,ウエルベールの物語SistersofWellber,2007_1
699,1036,キスダム-ENGAGEplanet,2007_1
700,1043,鋼鉄三国志,2007_1
701,1041,鋼鉄神ジーグ,2007_1
702,1049,風の少女エミリー,2007_1
703,1027,桃華月憚-とうかげったん-,2007_1
704,4089,ひつじのショーン（1stseason）,2007_1
705,4280,おねがいマイメロディすっきり♪,2007_1
706,1029,ティーンエイジミュータントニンジャタートルズ,2007_1
707,1034,シュガーバニーズ,2007_1
708,1060,スパイダーライダーズよみがえる太陽,2007_1
709,7962,宇宙人襲来ヒロシの場合,2007_1
710,7961,三茶ブルース,2007_1
711,1087,BACCANO！バッカーノ！,2007_2
712,1076,ひぐらしのなく頃に解,2007_2
713,1085,ゼロの使い魔双月の騎士,2007_2
714,1071,SchoolDays-スクールデイズ,2007_2
715,1084,モノノ怪,2007_2
716,1081,さよなら絶望先生,2007_2
717,1086,シグルイ,2007_2
718,1091,MOONLIGHTMILE2ndシーズン-Touchdownムーンライトマイル,2007_2
719,4139,DEATHNOTEデスノートディレクターズカット完全決着版～リライト・幻視する神～,2007_2
720,1080,ぽてまよ,2007_2
721,1077,スカイガールズ[TV版],2007_2
722,1089,撲殺天使ドクロちゃん2,2007_2
723,1070,ななついろ★ドロップス,2007_2
724,1073,ケンコー全裸系水泳部ウミショー,2007_2
725,1069,スポンジ・ボブ,2007_2
726,1083,もえたん,2007_2
727,1088,東京魔人學園剣風帖龍龍第弐幕,2007_2
728,1075,ZOMBIE-LOAN-ゾンビローン,2007_2
729,1068,鉄子の旅,2007_2
730,1078,ムシウタ,2007_2
731,1072,ドージンワーク,2007_2
732,1074,CODE-E,2007_2
733,4315,BUZZERBEATERブザー・ビーター,2007_2
734,1092,ベン10,2007_2
735,1079,はぴはぴクローバー,2007_2
736,4311,ポケモン不思議のダンジョン・時の探検隊・闇の探検隊,2007_2
737,7963,PROJECT_MERMAID,2007_2
738,7967,ジャイロソプターGyrosopter,2007_2
739,7964,スポーツ大佐第１８話「刺客が山狩りに来た！！」,2007_2
740,7965,ワンダバキッス,2007_2
741,7966,「ゆルルル」～日常編～,2007_2
742,1104,CLANNAD[クラナド],2007_3
743,1119,みなみけ,2007_3
744,1109,ef-ataleofmemories.エフ・アテールオブメモリーズ,2007_3
745,1106,灼眼のシャナII,2007_3
746,1110,機動戦士ガンダム00[ダブルオー],2007_3
747,1099,逆境無頼カイジUltimateSurvivor,2007_3
748,1095,BAMBOOBLADEバンブーブレード,2007_3
749,1122,もやしもん,2007_3
750,1107,キミキスpurerouge,2007_3
751,1120,げんしけん2,2007_3
752,1108,しゅごキャラ！,2007_3
753,1102,Myself;Yourself-マイセルフ・ユアセルフ,2007_3
754,1118,D.C.IIダ・カーポII,2007_3
755,1124,神霊狩／GHOSTHOUND,2007_3
756,3903,オハヨウ,2007_3
757,1121,こどものじかん,2007_3
758,1094,スケッチブックfullcolor's,2007_3
759,1123,しおんの王,2007_3
760,1103,ご愁傷さま二ノ宮くん,2007_3
761,3112,猫の集会,2007_3
762,1098,魔人探偵脳噛ネウロ,2007_3
763,1115,もっけ,2007_3
764,1114,レンタルマギカ,2007_3
765,1105,逮捕しちゃうぞフルスロットル,2007_3
766,1096,ナイトウィザードTheANIMATION,2007_3
767,1101,ドラゴノーツ-ザ・レゾナンス-,2007_3
768,1100,素敵探偵ラビリンス,2007_3
769,1113,プリズムアーク,2007_3
770,1116,獣神演武,2007_3
771,1097,BLUEDROP～天使達の戯曲-ブルードロップ,2007_3
772,1129,AYAKASHIアヤカシ,2007_3
773,1128,妄想少女オタク系,2007_3
774,1125,流星のロックマントライブ,2007_3
775,4401,金田一少年の事件簿ＳＰ（スペシャル）オペラ座館・最後の殺人,2007_3
776,4402,金田一少年の事件簿ＳＰ（スペシャル）吸血鬼伝説殺人事件,2007_3
777,7968,プロジェクトΩ,2007_3
778,7969,おっかけっこ,2007_3
779,7970,おんみつ☆姫,2007_3
780,4226,一期一会恋バナ友バナ,2007_3
781,1093,かわいいジェニー,2007_3
782,1126,ボノロン不思議な森のいいつたえ,2007_3
783,1127,エレキングTheAnimation,2007_3
784,1145,狼と香辛料,2008_0
785,1137,truetears[トゥルーティアーズ],2008_0
786,1144,ARIATheORIGINATION[アリアジオリジネーション],2008_0
787,1141,みなみけおかわり,2008_0
788,1132,ロザリオとバンパイア,2008_0
789,1136,俗・さよなら絶望先生,2008_0
790,1138,PERSONAtrinitysoul-ペルソナ・トリニティソウル,2008_0
791,1147,墓場鬼太郎,2008_0
792,1139,MAJOR第4シリーズ-メジャー,2008_0
793,4634,フィニアスとファーブ,2008_0
794,1155,ギャグマンガ日和3,2008_0
795,1134,シゴフミ～StoriesofLastLetter～,2008_0
796,1153,Mnemosyune-ムネモシュネの娘たち-,2008_0
797,1131,H2O～FOOTPRINTSINTHESAND～エイチツーオー・フットプリンツインザサンド,2008_0
798,1142,ポルフィの長い旅,2008_0
799,1146,のらみみ,2008_0
800,1143,GUNSLINGERGIRL-ILTEATRINO-ガンスリンガー・ガールイル・テアトリーノ,2008_0
801,1135,君が主で執事が俺で,2008_0
802,1152,Yes！プリキュア5GoGo！,2008_0
803,1133,破天荒遊戯,2008_0
804,1130,ウエルベールの物語SistersofWellber第二幕,2008_0
805,1140,全力ウサギ,2008_0
806,1154,BUSGAMERビズゲーマー,2008_0
807,1148,ヤッターマン[2008年度版],2008_0
808,1151,古代王者恐竜キングDキッズ・アドベンチャー翼竜伝説,2008_0
809,1184,コードギアス反逆のルルーシュR2,2008_1
810,1165,マクロスFRONTIER[フロンティア],2008_1
811,1195,図書館戦争,2008_1
812,1161,ToLOVEる-とらぶる-,2008_1
813,1162,紅-kurenai-,2008_1
814,1186,ソウルイーター-SOULEATER,2008_1
815,1160,xxxHOLiC◆継-ホリック,2008_1
816,1158,純情ロマンチカ,2008_1
817,1172,D.C.IIS.S.ダ・カーポIIセカンドシーズン,2008_1
818,1187,ヴァンパイア騎士,2008_1
819,1194,カイバ,2008_1
820,1159,遊戯王5D's,2008_1
821,1183,絶対可憐チルドレン,2008_1
822,1189,ファイアボール,2008_1
823,1163,アリソンとリリア,2008_1
824,1167,イタズラなKiss,2008_1
825,1178,隠の王,2008_1
826,1164,今日からマ王！[第3シリーズ],2008_1
827,1180,スペシャル・エーS・A,2008_1
828,1177,我が家のお稲荷さま。,2008_1
829,1192,RD潜脳調査室アールディー,2008_1
830,1199,二十面相の娘,2008_1
831,1197,ゴルゴ13,2008_1
832,1168,あまつき,2008_1
833,1166,ドルアーガの塔～theAegisofURUK～,2008_1
834,1196,ソウルイーターレイトショーSOULEATER,2008_1
835,1174,BLASSREITERブラスレイター,2008_1
836,1181,おねがいマイメロディきららっ☆,2008_1
837,1173,かのこん,2008_1
838,1190,うちの3姉妹,2008_1
839,1157,チーズスイートホーム,2008_1
840,1198,狂乱家族日記,2008_1
841,1175,仮面のメイドガイ,2008_1
842,1176,BLUEDRAGON天界の七竜-ブルードラゴン,2008_1
843,1191,秘密-トップシークレット,2008_1
844,4090,キスダムR-ENGAGEplanet-,2008_1
845,1205,一騎当千GreatGuardians[グレートガーディアンズ],2008_1
846,1185,モノクロームファクター,2008_1
847,1179,ネオアンジェリークAbyss,2008_1
848,1200,ペンギン娘はぁと,2008_1
849,1169,きらりん☆レボリューション第3期,2008_1
850,1193,クリスタルブレイズ,2008_1
851,1202,ペンギンの問題,2008_1
852,1182,ネットゴーストPIPOPA,2008_1
853,1170,ベン10新シリーズ,2008_1
854,1201,シュガーバニーズショコラ！第2シリーズ,2008_1
855,1222,夏目友人帳,2008_2
856,1220,ゼロの使い魔三美姫の輪舞,2008_2
857,1210,ストライクウィッチーズ,2008_2
858,1218,セキレイ,2008_2
859,1211,ひだまりスケッチ×365,2008_2
860,1223,乃木坂春香の秘密,2008_2
861,1216,鉄腕バーディーDECODE,2008_2
862,1224,無限の住人,2008_2
863,1219,ネオアンジェリークAbyssSecondAg,2008_2
864,1215,恋姫†無双-こいひめむそう,2008_2
865,1221,ワールドデストラクション世界撲滅の六人,2008_2
866,1217,薬師寺涼子の怪奇事件簿,2008_2
867,1226,バトルスピリッツ少年突破バシン,2008_2
868,1208,スレイヤーズREVOLUTION[レボリューション],2008_2
869,1206,テレパシー少女蘭,2008_2
870,1213,西洋骨董洋菓子店～アンティーク～,2008_2
871,1209,魔法遣いに大切なこと夏のソラ,2008_2
872,1212,Mission-Eミッションイー,2008_2
873,1207,ウルトラヴァイオレット：Code044,2008_2
874,1214,スケアクロウマン,2008_2
875,1225,アキバちゃん,2008_2
876,1236,CLANNADAFTERSTORY-クラナドアフターストーリー,2008_3
877,1232,とらドラ！,2008_3
878,1254,喰霊-零-,2008_3
879,1245,とある魔術の禁書目録[インデックス],2008_3
880,1258,ef-ataleofmelodies.,2008_3
881,1247,かんなぎ,2008_3
882,1238,黒執事,2008_3
883,1234,あかね色に染まる坂,2008_3
884,1252,機動戦士ガンダム002ndseason[ダブルオーセカンドシーズン],2008_3
885,1263,ONEOUTS-ワンナウツ,2008_3
886,1227,亡念のザムド,2008_3
887,1256,スキップビート！,2008_3
888,1268,純情ロマンチカ2,2008_3
889,1241,テイルズオブジアビス-TALESOFTHEABYSS,2008_3
890,1266,のだめカンタービレ巴里編,2008_3
891,1230,ロザリオとバンパイアCAPU2,2008_3
892,1259,ヴァンパイア騎士Guilty,2008_3
893,1261,魍魎の匣,2008_3
894,1267,CHAOS;HEADカオスヘッド,2008_3
895,1255,イナズマイレブン,2008_3
896,1248,しゅごキャラ！！どきっ,2008_3
897,1242,天体戦士サンレッド,2008_3
898,1249,地獄少女三鼎[みつがなえ],2008_3
899,1270,ミチコとハッチン,2008_3
900,1253,今日の5の2,2008_3
901,1228,伯爵と妖精,2008_3
902,1233,キャシャーンSins,2008_3
903,1235,夜桜四重奏-ヨザクラカルテット,2008_3
904,1229,のらみみ2,2008_3
905,1240,鉄のラインバレル,2008_3
906,1239,頭文字D-イニシャルディーExtraStage2旅立ちのグリーン,2008_3
907,1265,タイタニア,2008_3
908,1244,ケメコデラックス！,2008_3
909,1231,ヒャッコ,2008_3
910,1262,黒塚KUROZUKA,2008_3
911,1243,北斗の拳ラオウ外伝天の覇王,2008_3
912,1237,屍姫赫[シカバネヒメ],2008_3
913,1251,まかでみWAっしょい！,2008_3
914,1260,美肌一族,2008_3
915,1264,スティッチ！,2008_3
916,1269,ねぎぼうずのあさたろう,2008_3
917,9120,ネットミラクルショッピング,2008_3
918,1280,続夏目友人帳,2009_0
919,1275,みなみけおかえり,2009_0
920,1286,鋼殻のレギオス,2009_0
921,1289,獣の奏者エリン,2009_0
922,1274,まりあ†ほりっく[マリアホリック],2009_0
923,1281,はじめの一歩NewChallenger,2009_0
924,1278,マリア様がみてる4thシーズン,2009_0
925,1287,MAJOR第5シリーズ-メジャー,2009_0
926,1288,鉄腕バーディーDECODE：02,2009_0
927,1276,WHITEALBUM-ホワイトアルバム前半,2009_0
928,1283,明日のよいち！,2009_0
929,1297,フレッシュプリキュア！,2009_0
930,1285,ドルアーガの塔theSwordofURUK,2009_0
931,1293,ライドバックRIDEBACK,2009_0
932,1295,源氏物語千年紀Genji,2009_0
933,1291,スレイヤーズEVOLUTION-R[エボリューションアール],2009_0
934,1282,VIPER'SCREEDバイパーズクリード,2009_0
935,1284,黒神TheAnimation,2009_0
936,1277,アキカン！,2009_0
937,1273,屍姫玄[シカバネヒメ],2009_0
938,1279,宇宙をかける少女,2009_0
939,1292,空を見上げる少女の瞳に映る世界,2009_0
940,1290,クプ～！！まめゴマ！,2009_0
941,1294,さくらんBOYDT(サクランボーイ),2009_0
942,1327,鋼の錬金術師FULLMETALALCHEMIST,2009_1
943,1309,けいおん！,2009_1
944,1323,咲-Saki-,2009_1
945,1337,東のエデン,2009_1
946,1317,涼宮ハルヒの憂鬱第2期,2009_1
947,1310,Phantom～RequiemforthePhantom～,2009_1
948,1315,ハヤテのごとく！！第2期,2009_1
949,1329,クロスゲーム,2009_1
950,1311,PandoraHeartsパンドラハーツ,2009_1
951,1319,戦場のヴァルキュリア,2009_1
952,1338,初恋限定。(初恋リミテッド),2009_1
953,1328,花咲ける青少年,2009_1
954,1333,07-GHOST[セブンゴースト],2009_1
955,1300,ルパン三世VS名探偵コナン,2009_1
956,1305,リストランテ・パラディーゾ,2009_1
957,1304,戦国BASARA[バサラ],2009_1
958,2270,ドラゴンボール改[DRAGONBALLKAI],2009_1
959,1324,シャングリ・ラ,2009_1
960,1299,金色のコルダ～secondpasso～,2009_1
961,1302,スターウォーズ／クローンウォーズ,2009_1
962,1325,夏のあらし！,2009_1
963,1342,金色のコルダ～secondpasso～第2楽章,2009_1
964,1312,アスラクライン,2009_1
965,1339,神曲奏界ポリフォニカクリムゾンS,2009_1
966,1331,グイン・サーガ-GUINSAGA,2009_1
967,1303,マリー&amp;ガリー,2009_1
968,1321,TearstoTiara[ティアーズ・トゥ・ティアラ],2009_1
969,1308,クイーンズブレイド流浪の戦士,2009_1
970,1334,タユタマKissonmyDeity,2009_1
971,1322,ジュエルペット,2009_1
972,1326,こんにちはアンBeforeGreenGables,2009_1
973,1336,蒼天航路,2009_1
974,1320,真マジンガー衝撃！Z編,2009_1
975,1301,チーズスイートホームあたらしいおうち,2009_1
976,1314,バスカッシュ！,2009_1
977,3465,PeepingLife[ピーピング・ライフ]ThePerfectEdition,2009_1
978,1340,メタルファイトベイブレード,2009_1
979,1318,極上！！めちゃモテ委員長,2009_1
980,1316,アラド戦記スラップアップパーティー,2009_1
981,1306,毎日かあさん,2009_1
982,1343,ヴァイス・サヴァイヴ,2009_1
983,3961,ヒゲぴよ,2009_1
984,4100,クッキンアイドルアイ！マイ！まいん！,2009_1
985,1307,キャラディのジョークな毎日,2009_1
986,1335,シュガーバニーズフルール,2009_1
987,4566,うんこさん-ツイてる人にしか見えない妖精-,2009_1
988,10938,泣かせる味に会いたい五箇山のおじいちゃん編,2009_1
989,10937,泣かせる海に会いたい海辺の友情編,2009_1
990,1352,化物語,2009_2
991,1363,狼と香辛料II,2009_2
992,1362,東京マグニチュード8.0,2009_2
993,1361,宙のまにまに,2009_2
994,1357,プリンセスラバー！,2009_2
995,1353,CANAANカナン,2009_2
996,1354,懺・さよなら絶望先生,2009_2
997,1349,うみねこのなく頃に,2009_2
998,1348,青い花,2009_2
999,1350,大正野球娘。,2009_2
1000,1360,GA芸術科アートデザインクラス,2009_2
1001,4667,エヴァンゲリヲン新劇場版：序TV版,2009_2
1002,1351,NEEDLESSニードレス,2009_2
1003,1366,バトルスピリッツ少年激覇ダン,2009_2
1004,1344,川の光,2009_2
1005,1358,かなめも,2009_2
1006,1359,くるねこ,2009_2
1007,1355,エレメントハンター,2009_2
1008,1346,ファイト一発！充電ちゃん！！,2009_2
1009,1364,よくわかる現代魔法,2009_2
1010,1345,うみものがたりあなたがいてくれたコト,2009_2
1011,10931,泣かせる空に会いたい立山の恋人編,2009_2
1012,1394,とある科学の超電磁砲[レールガン],2009_3
1013,1389,君に届け,2009_3
1014,1375,生徒会の一存,2009_3
1015,1380,そらのおとしもの,2009_3
1016,1393,DARKERTHANBLACK-ダーカーザンブラック流星の双子[ジェミニ],2009_3
1017,1398,FAIRYTAILフェアリーテイル,2009_3
1018,1369,にゃんこい！,2009_3
1019,1388,こばと。,2009_3
1020,1370,けんぷファー,2009_3
1021,1376,犬夜叉完結編,2009_3
1022,1384,夢色パティシエール,2009_3
1023,1407,ひだまりスケッチ×365特別編,2009_3
1024,1377,テガミバチ,2009_3
1025,1385,乃木坂春香の秘密ぴゅあれっつぁ♪,2009_3
1026,1403,空中ブランコ,2009_3
1027,1401,WHITEALBUM-ホワイトアルバム後半,2009_3
1028,1373,聖剣の刀鍛冶(ブラックスミス),2009_3
1029,1374,天体戦士サンレッド第2期,2009_3
1030,1371,戦う司書TheBookofBantorra,2009_3
1031,1382,夏のあらし！春夏冬中,2009_3
1032,1313,アスラクライン2,2009_3
1033,1387,11eyesイレブンアイズ,2009_3
1034,1390,ささめきこと,2009_3
1035,1381,真恋姫†無双,2009_3
1036,1386,あにゃまる探偵キルミンずぅ,2009_3
1037,1395,青い文学シリーズ,2009_3
1038,1408,まほろまてぃっく特別編ただいまおかえり,2009_3
1039,1368,クイーンズブレイド玉座を継ぐ者,2009_3
1040,1372,しゅごキャラパーティー！,2009_3
1041,1392,秘密結社鷹の爪カウントダウン,2009_3
1042,4217,しゅごキャラ！！！どっきどきっ,2009_3
1043,4496,青い文学シリーズ走れメロス,2009_3
1044,1402,怪談レストラン,2009_3
1045,1396,ご姉弟物語,2009_3
1046,1383,ミラクル☆トレイン大江戸線へようこそ,2009_3
1047,1404,キディ・ガーランド[KIDDYGiRL-AND],2009_3
1048,4421,青い文学シリーズ桜の森の満開の下,2009_3
1049,4561,青い文学シリーズこころ,2009_3
1050,1397,たまごっち！,2009_3
1051,1399,新・三銃士,2009_3
1052,1400,スティッチ！いたずらエイリアンの大冒険,2009_3
1053,1378,うさるさん,2009_3
1054,1391,チェブラーシカあれれ？,2009_3
1055,1409,ぼくチロ！,2009_3
1056,1425,デュラララ！！,2010_0
1057,1431,刀語-かたながたり,2010_0
1058,1421,バカとテストと召喚獣,2010_0
1059,1415,ソ・ラ・ノ・ヲ・ト,2010_0
1060,1429,のだめカンタービレフィナーレ-finale,2010_0
1061,1423,ひだまりスケッチ×☆☆☆[ほしみっつ],2010_0
1062,1420,おまもりひまり,2010_0
1063,1419,れでぃ×ばと！,2010_0
1064,1432,ハートキャッチプリキュア！,2010_0
1065,1422,ダンスインザヴァンパイアバンド,2010_0
1066,1417,増田こうすけ劇場ギャグマンガ日和＋（プラス）,2010_0
1067,1426,聖痕のクェイサー,2010_0
1068,1428,はなまる幼稚園,2010_0
1069,3333,raintown[レインタウン],2010_0
1070,4103,ヒピラくん,2010_0
1071,1424,おおかみかくし,2010_0
1072,1414,COBRATHEANIMATION-コブラジアニメーション,2010_0
1073,1434,ゆとりちゃん,2010_0
1074,4437,青い文学シリーズ蜘蛛の糸,2010_0
1075,1427,怪盗レーニャ,2010_0
1076,1416,ちゅーぶら！！,2010_0
1077,4560,青い文学シリーズ地獄変,2010_0
1078,9121,ネットミラクルショッピング2ndシーズン,2010_0
1079,1467,けいおん！！2期,2010_1
1080,1448,AngelBeats！-エンジェルビーツ！,2010_1
1081,1458,WORKING！！-ワーキング！！,2010_1
1082,1473,四畳半神話大系,2010_1
1083,1444,会長はメイド様！,2010_1
1084,1460,荒川アンダーザブリッジ,2010_1
1085,1447,いちばんうしろの大魔王,2010_1
1086,1443,おおきく振りかぶって夏の大会編,2010_1
1087,1451,薄桜鬼,2010_1
1088,1468,迷い猫オーバーラン！,2010_1
1089,1464,kiss×sisキスシス,2010_1
1090,1469,RAINBOW二舎六房の七人-レインボウ,2010_1
1091,1442,B型H系,2010_1
1092,1455,ジュエルペットてぃんくる☆,2010_1
1093,1471,さらい屋五葉,2010_1
1094,1459,GIANTKILLING[ジャイアントキリング],2010_1
1095,1450,MAJOR第6シリーズ-メジャー,2010_1
1096,1470,裏切りは僕の名前を知っている,2010_1
1097,1461,ザ・ペンギンズfromマダガスカル,2010_1
1098,1457,ひめチェン！おとぎちっくアイドルリルぷりっ,2010_1
1099,1441,真恋姫†無双乙女大乱,2010_1
1100,1465,閃光のナイトレイド,2010_1
1101,3466,PeepingLife[ピーピング・ライフ]ThePerfectEmotion,2010_1
1102,3474,低燃費少女ハイジ,2010_1
1103,1445,HEROMANヒーローマン,2010_1
1104,1463,メタルファイトベイブレード爆,2010_1
1105,1437,一騎当千XTREMEXECUTOR[エクストリームエグゼキューター],2010_1
1106,1452,極上！！めちゃモテ委員長セカンドコレクション,2010_1
1107,1462,最強武将伝・三国演義,2010_1
1108,1439,はなかっぱ,2010_1
1109,1454,SDガンダム三国伝BraveBattleWarriors,2010_1
1110,1440,マリー＆ガリーver.2.0,2010_1
1111,1449,リングにかけろ1影道編-シャドウ,2010_1
1112,1475,アマガミSS,2010_2
1113,1474,伝説の勇者の伝説,2010_2
1114,1480,生徒会役員共,2010_2
1115,1484,学園黙示録HIGHSCHOOLOFTHEDEAD,2010_2
1116,1476,オオカミさんと七人の仲間たち,2010_2
1117,1489,ストライクウィッチーズ2,2010_2
1118,1490,屍鬼[シキ],2010_2
1119,1481,セキレイPureEngagement,2010_2
1120,1483,ぬらりひょんの孫,2010_2
1121,1477,黒執事Ⅱ,2010_2
1122,1479,みつどもえ,2010_2
1123,1485,世紀末オカルト学院,2010_2
1124,1478,あそびにいくヨ！,2010_2
1125,1491,戦国BASARA弐,2010_2
1126,2212,バトルスピリッツブレイヴ,2010_2
1127,1487,祝福のカンパネラ,2010_2
1128,1488,デジモンクロスウォーズ,2010_2
1129,2263,モンハン日記ぎりぎりアイルー村☆アイルー危機一髪☆,2010_2
1130,1482,殿といっしょ,2010_2
1131,1486,スティッチ！ずっと最高のトモダチ,2010_2
1132,2099,ガーフィールドショー,2010_2
1133,2224,俺の妹がこんなに可愛いわけがない,2010_3
1134,2101,とある魔術の禁書目録[インデックス]Ⅱ第2期,2010_3
1135,2227,神のみぞ知るセカイ,2010_3
1136,2225,ヨスガノソラ,2010_3
1137,2211,バクマン。,2010_3
1138,2220,そらのおとしものf[フォルテ],2010_3
1139,2228,侵略！イカ娘,2010_3
1140,2229,えむえむっ！,2010_3
1141,2207,荒川アンダーザブリッジ×ブリッジ[第2期],2010_3
1142,2216,それでも町は廻っている,2010_3
1143,2226,もっとToLOVEる-とらぶる-[第2期],2010_3
1144,2223,薄桜鬼碧血録[へっけつろく]第2期,2010_3
1145,2210,おとめ妖怪ざくろ,2010_3
1146,2230,STARDRIVER輝きのタクト-スタードライバー,2010_3
1147,2218,海月姫-くらげひめ-,2010_3
1148,2095,フォーチュンアテリアル-赤い約束-[FORTUNEARTERIAL],2010_3
1149,2214,探偵オペラミルキィホームズ,2010_3
1150,2231,パンティ＆ストッキングウィズガーターベルト[Panty＆StockingwithGarterbelt],2010_3
1151,2209,心霊探偵八雲,2010_3
1152,2222,テガミバチREVERSE[リバース],2010_3
1153,2090,百花繚乱サムライガールズ,2010_3
1154,3058,夢色パティシエールSPプロフェッショナル,2010_3
1155,2221,スーパーロボット大戦OG-ジ・インスペクター,2010_3
1156,3146,食パンミミー,2010_3
1157,2622,カッコカワイイ宣言！,2010_3
1158,2233,ポケットモンスターベストウイッシュ,2010_3
1159,2276,這いよる！ニャルアニリメンバー・マイ・ラブ（クラフト先生）,2010_3
1160,2093,咎狗の血,2010_3
1161,2219,アイアンマン,2010_3
1162,2285,農業ムスメ！,2010_3
1163,2271,一期一会～キミノコトバ～,2010_3
1164,2237,リタとナントカ-RitaetMachin,2010_3
1165,2232,カルルとふしぎな塔,2010_3
1166,7795,SHIN-MEN,2010_3
1167,4432,ミルクチャポン～みんなのMILKJAPAN～,2010_3
1168,2715,魔法少女まどか☆マギカ,2011_0
1169,2096,GOSICK[ゴシック],2011_0
1170,2260,君に届け2NDSEASON,2011_0
1171,2097,IS[インフィニットストラトス],2011_0
1172,2277,これはゾンビですか？,2011_0
1173,2272,ドラゴンクライシス！,2011_0
1174,2413,LEVELE[レベルイー],2011_0
1175,2280,お兄ちゃんのことなんかぜんぜん好きじゃないんだからねっ！！,2011_0
1176,2274,放浪息子,2011_0
1177,2295,みつどもえ増量中！,2011_0
1178,2261,べるぜバブ,2011_0
1179,2273,フリージング,2011_0
1180,2091,夢喰いメリー,2011_0
1181,3350,おぢいさんのランプ,2011_0
1182,2275,フラクタル,2011_0
1183,2720,スイートプリキュア♪[SUITEPRECURE],2011_0
1184,2251,ダンボール戦機W,2011_0
1185,4533,ダンボール戦機,2011_0
1186,2821,カードファイト！！ヴァンガード,2011_0
1187,3352,万能野菜ニンニンマン,2011_0
1188,3467,PeepingLife[ピーピング・ライフ]ThePerfectEvolution,2011_0
1189,2981,ショコラの魔法,2011_0
1190,2279,Starry☆Sky[スターリースカイ],2011_0
1191,3143,川面を滑る風,2011_0
1192,3351,キズナ一撃,2011_0
1193,2714,Rio-RainbowGate！[リオレインボーゲート],2011_0
1194,2717,ウルヴァリン,2011_0
1195,2719,マイの魔法と家庭の日,2011_0
1196,2282,STEINS；GATE[シュタインズ・ゲート],2011_1
1197,2824,あの日見た花の名前を僕達はまだ知らない。,2011_1
1198,2414,花咲くいろは,2011_1
1199,2727,TIGER＆BUNNY[タイガーアンドバニー],2011_1
1200,2255,日常,2011_1
1201,2924,神のみぞ知るセカイII,2011_1
1202,2732,青の祓魔師[エクソシスト],2011_1
1203,2281,電波女と青春男,2011_1
1204,2823,C-TheMoneyofSoulandPossibilityControl,2011_1
1205,3061,銀魂’,2011_1
1206,2089,緋弾のアリア,2011_1
1207,2853,DOGDAYSドッグデイズ,2011_1
1208,2480,Aチャンネル,2011_1
1209,2932,よんでますよ、アザゼルさん。,2011_1
1210,2283,SKETDANCE[スケットダンス],2011_1
1211,2928,逆境無頼カイジ破戒録篇,2011_1
1212,2826,星空へ架かる橋,2011_1
1213,2103,世界一初恋,2011_1
1214,2481,まりあ†ほりっくあらいぶ,2011_1
1215,2284,デッドマン・ワンダーランド,2011_1
1216,2929,アスタロッテのおもちゃ！,2011_1
1217,2730,俺たちに翼はない,2011_1
1218,2726,へうげもの,2011_1
1219,2880,プリティーリズムオーロラドリーム,2011_1
1220,2931,ジュエルペットサンシャイン,2011_1
1221,3227,ファイアボールチャーミング,2011_1
1222,3793,47都道府犬,2011_1
1223,3454,＋チック姉さん,2011_1
1224,3353,たんすわらし。,2011_1
1225,3204,イナズマイレブンGO,2011_1
1226,2925,聖痕のクェイサーII,2011_1
1227,2822,けんぷファーfurdieLiebe,2011_1
1228,2927,戦国乙女～桃色パラドックス～,2011_1
1229,2825,トリコ,2011_1
1230,2941,そふてにっ,2011_1
1231,3226,エックスメン[X-MEN],2011_1
1232,2278,もしドラ,2011_1
1233,2933,変ゼミ,2011_1
1234,2854,遊戯王ゼアル,2011_1
1235,2930,とっとこハム太郎でちゅ,2011_1
1236,2728,30歳の保健体育,2011_1
1237,2942,殿といっしょ～眼帯の野望～,2011_1
1238,2861,Dororonえん魔くんメ～ラめら,2011_1
1239,2731,昭和物語,2011_1
1240,3798,かよえ！チュー学,2011_1
1241,2937,ほんとにあった！霊媒先生,2011_1
1242,2729,フジログ,2011_1
1243,2940,元気！！江古田ちゃん,2011_1
1244,2939,プ～ねこ,2011_1
1245,2936,Suzy'sZooだいすき！ウィッツィー,2011_1
1246,2938,ハトのおよめさん,2011_1
1247,8853,LogJam,2011_1
1248,3203,ソッキーズフロンティアクエスト,2011_1
1249,2856,うさぎドロップ,2011_2
1250,2918,夏目友人帳参,2011_2
1251,2292,バカとテストと召喚獣にっ！,2011_2
1252,2974,THEIDOLM@STER[アイドルマスター],2011_2
1253,2479,まよチキ！,2011_2
1254,3217,ゆるゆり,2011_2
1255,2969,神様のメモ帳,2011_2
1256,3218,輪るピングドラム,2011_2
1257,2972,ロウきゅーぶ！,2011_2
1258,2988,うたの☆プリンスさまっ♪マジLOVE1000％,2011_2
1259,2970,異国迷路のクロワーゼTheAnimation,2011_2
1260,2987,神様ドォルズ,2011_2
1261,2855,NO.6ナンバーシックス,2011_2
1262,3207,ぬらりひょんの孫千年魔京,2011_2
1263,2968,ダンタリアンの書架,2011_2
1264,2985,セイクリッドセブン,2011_2
1265,4645,ヱヴァンゲリヲン新劇場版：破TV版,2011_2
1266,3205,BLOOD-C,2011_2
1267,2478,いつか天魔の黒ウサギ,2011_2
1268,3261,探偵オペラミルキィホームズ特別編,2011_2
1269,2943,猫神やおよろず,2011_2
1270,3206,森田さんは無口,2011_2
1271,3432,バトルスピリッツ覇王（ヒーローズ）,2011_2
1272,3259,モンハン日記ぎりぎりアイルー村G,2011_2
1273,2982,R-15,2011_2
1274,3219,魔乳秘剣帖,2011_2
1275,3220,快盗天使ツインエンジェル～キュンキュン☆ときめきパラダイス！！～,2011_2
1276,3221,にゃんぱいあTheAnimation,2011_2
1277,3270,だぶるじぇい,2011_2
1278,2857,BLADEブレイド,2011_2
1279,3431,こぴはん,2011_2
1280,3430,島んちゅMiRiKa第二シリーズ,2011_2
1281,2852,Fate／Zero-フェイトゼロ,2011_3
1282,3231,ちはやふる,2011_3
1283,3269,WORKING'！！[ワーキング]2期,2011_3
1284,3262,ギルティクラウン[GUILTYCROWN],2011_3
1285,3244,未来日記,2011_3
1286,3245,僕は友達が少ない,2011_3
1287,3208,persona4theANIMATION,2011_3
1288,2992,ベン・トー,2011_3
1289,2976,灼眼のシャナIII(Final),2011_3
1290,2975,ましろ色シンフォニー-Thecoloroflovers-,2011_3
1291,2990,境界線上のホライゾン,2011_3
1292,2859,バクマン。第2シリーズ,2011_3
1293,3411,新HUNTER×HUNTER,2011_3
1294,2989,たまゆら～hitotose～,2011_3
1295,3263,UN-GO,2011_3
1296,3257,君と僕。,2011_3
1297,3410,世界一初恋２,2011_3
1298,2977,侵略！？イカ娘2期,2011_3
1299,3258,C3-シーキューブ-,2011_3
1300,2995,真剣で私に恋しなさい！！,2011_3
1301,3471,ひだまりスケッチ×SP,2011_3
1302,2971,ラストエグザイル-銀翼のファム-,2011_3
1303,3434,gdgd妖精s(ぐだぐだフェアリーズ),2011_3
1304,2986,マケン姫っ！,2011_3
1305,3514,ルパン三世血の刻印〜永遠のMermaid〜,2011_3
1306,2860,ファイブレイン神のパズル,2011_3
1307,3487,森田さんは無口。2[にじょう],2011_3
1308,3573,ドラゴンボールエピソードオブバーダック,2011_3
1309,3435,テニスの王子様ベストマッチ,2011_3
1310,3428,クロスファイトビーダマン,2011_3
1311,3429,デジモンクロスウォーズ時を駆ける少年ハンターたち,2011_3
1312,3456,ちび☆デビ！,2011_3
1313,3433,武装神姫MoonAngel,2011_3
1314,3559,HIGHSCORE_[ハイスコア],2011_3
1315,3256,機動戦士ガンダムAGE[エイジ],2011_3
1316,3455,戦国☆パラダイス-極-,2011_3
1317,3443,偽物語,2012_0
1318,2993,Another,2012_0
1319,3515,男子高校生の日常,2012_0
1320,3427,妖狐×僕SS,2012_0
1321,3457,夏目友人帳肆,2012_0
1322,3459,ハイスクールD×D,2012_0
1323,3438,あの夏で待ってる,2012_0
1324,3423,パパのいうことを聞きなさい！,2012_0
1325,3437,ゼロの使い魔F[エフ],2012_0
1326,3501,アマガミSS+plus,2012_0
1327,3419,キルミーベイベー,2012_0
1328,2293,モーレツ宇宙海賊[パイレーツ],2012_0
1329,3504,戦姫絶唱シンフォギア,2012_0
1330,2984,アクエリオンEVOL,2012_0
1331,8926,機動戦士ガンダムSEEDHDリマスター,2012_0
1332,3569,スマイルプリキュア！,2012_0
1333,3436,新テニスの王子様,2012_0
1334,3458,ブラック★ロックシューター,2012_0
1335,3441,輪廻のラグランジェ,2012_0
1336,3440,リコーダーとランドセル,2012_0
1337,3497,BRAVE10[ブレイブテン],2012_0
1338,3568,テルマエロマエ,2012_0
1339,3439,探偵オペラミルキィホームズ第2幕,2012_0
1340,3567,エリアの騎士,2012_0
1341,3503,ポヨポヨ観察日記,2012_0
1342,3502,ゴクジョッ。～極楽院女子校寮物語～,2012_0
1343,3571,武装中学生[バスケットアーミー],2012_0
1344,3606,オズマ,2012_0
1345,3607,こいけん！～私たちアニメになっちゃった～,2012_0
1346,3612,Fate／Zero2ndシーズン,2012_1
1347,3547,氷菓,2012_1
1348,3623,ヨルムンガンド,2012_1
1349,3485,アクセルワールド,2012_1
1350,3595,坂道のアポロン,2012_1
1351,3535,黒子のバスケ,2012_1
1352,3700,這いよれ！ニャル子さん,2012_1
1353,3611,黄昏乙女×アムネジア,2012_1
1354,3588,さんかれあ,2012_1
1355,3241,これはゾンビですか？OFTHEDEAD,2012_1
1356,3444,咲-Saki-阿知賀編episodeofside-A,2012_1
1357,3599,宇宙兄弟,2012_1
1358,3686,あっちこっち,2012_1
1359,3633,つり球,2012_1
1360,3598,キングダム,2012_1
1361,3472,君と僕。第2期,2012_1
1362,3627,しろくまカフェ,2012_1
1363,3630,謎の彼女X,2012_1
1364,3557,めだかボックス,2012_1
1365,3548,夏色キセキ,2012_1
1366,3651,LUPINtheThird〜峰不二子という女〜,2012_1
1367,9112,アドベンチャー・タイム,2012_1
1368,3608,銀河へキックオフ！！,2012_1
1369,3575,エウレカセブンＡＯ,2012_1
1370,3593,緋色の欠片,2012_1
1371,3609,ふしぎの海のナディアデジタルリマスター版,2012_1
1372,3518,ZETMAN[ゼットマン],2012_1
1373,3600,うぽって,2012_1
1374,4657,イナズマイレブンＧＯクロノ・ストーン,2012_1
1375,3692,リコーダーとランドセルレ♪,2012_1
1376,3624,ガッ活！,2012_1
1377,3628,戦国コレクション,2012_1
1378,3610,ファイ・ブレイン～神のパズル第2シリーズ,2012_1
1379,3685,ロック・リーの青春フルパワー忍伝,2012_1
1380,3688,ジュエルペットきら☆デコッ！,2012_1
1381,3583,AKB0048,2012_1
1382,3718,鷹の爪NEO,2012_1
1383,3591,シャイニング・ハーツ～幸せのパン～,2012_1
1384,3689,プリティーリズム・ディアマイフューチャー,2012_1
1385,3625,あらしのよるにひみつのともだち,2012_1
1386,3602,クイーンズブレイドリベリオン,2012_1
1387,3684,ゆるめいつ3でぃ,2012_1
1388,8750,交響詩篇エウレカセブン第51話「ニュー・オーダー」,2012_1
1389,3626,黒魔女さんが通る！！,2012_1
1390,4655,カードファイト！！ヴァンガードアジアサーキット編,2012_1
1391,3682,しばいぬ子さん,2012_1
1392,3681,ふるさと再生日本の昔ばなし,2012_1
1393,3680,聖闘士星矢Ω[オメガ],2012_1
1394,3683,GONゴン,2012_1
1395,3799,超ロボット生命体トランスフォーマープライム,2012_1
1396,3632,minusculeミニスキュル～小さなムシの物語～,2012_1
1397,4105,でこぼこフレンズ,2012_1
1398,4473,新星輝デュエル･マスターズフラッシュ,2012_1
1399,4098,ペンギンの問題POW,2012_1
1400,4379,スキマの国のポルタ,2012_1
1401,9535,Kaijudo：RiseoftheDuelMasters,2012_1
1402,8729,ぬっこ。,2012_1
1403,3484,ソードアート・オンライン,2012_2
1404,3672,TARITARI,2012_2
1405,3500,ココロコネクト,2012_2
1406,3745,織田信奈の野望,2012_2
1407,2983,人類は衰退しました,2012_2
1408,3565,カンピオーネ！～まつろわぬ神々と神殺しの魔王～,2012_2
1409,3556,恋と選挙とチョコレート,2012_2
1410,3566,ゆるゆり♪♪,2012_2
1411,3743,じょしらく,2012_2
1412,3742,貧乏神が！,2012_2
1413,3744,はぐれ勇者の鬼畜美学,2012_2
1414,3728,この中に1人、妹がいる！,2012_2
1415,3574,境界線上のホライゾンII,2012_2
1416,3505,DOGDAYS'(2期),2012_2
1417,3706,夏雪ランデブー,2012_2
1418,3748,だから僕は、Hができない。,2012_2
1419,3749,薄桜鬼黎明録,2012_2
1420,3642,トータル・イクリプス,2012_2
1421,3747,アルカナ・ファミリア-LastoriadellaArcanaFamiglia-,2012_2
1422,3679,もやしもんリターンズ,2012_2
1423,3741,超訳百人一首うた恋い。,2012_2
1424,4659,ONEPIECEエピソードオブナミ航海士の涙と仲間の絆,2012_2
1425,3746,輪廻のラグランジェseason2,2012_2
1426,3752,探偵オペラミルキィホームズAlternativeONE～小林オペラと5枚の絵画～,2012_2
1427,3840,バトルスピリッツソードアイズ,2012_2
1428,7602,今日のあすかショー,2012_2
1429,2991,乙女はお姉さまに恋してる～2人のエルダー～,2012_2
1430,3808,ゆるめいつ3でぃPLUS,2012_2
1431,3635,えびてん公立海老栖川高校天悶部,2012_2
1432,4307,ポケットモンスターベストウイッシュシーズン２,2012_2
1433,3891,マジでオタクなイングリッシュ！りぼんちゃん～英語で戦う魔法少女～,2012_2
1434,3786,探検ドリランド,2012_2
1435,3750,ちとせげっちゅ！！,2012_2
1436,3839,ピムとポムのちっちゃな冒険,2012_2
1437,3707,PSYCHO-PASSサイコパス,2012_3
1438,3951,猫物語（黒）,2012_3
1439,3722,さくら荘のペットな彼女,2012_3
1440,3848,中二病でも恋がしたい！,2012_3
1441,3772,ガールズ&amp;パンツァー,2012_3
1442,3645,新世界より,2012_3
1443,3771,絶園のテンペスト,2012_3
1444,3770,となりの怪物くん,2012_3
1445,3673,ヨルムンガンドPERFECTORDER,2012_3
1446,3693,リトルバスターズ！,2012_3
1447,3852,ジョジョの奇妙な冒険,2012_3
1448,3857,マギ,2012_3
1449,3850,BTOOOM！,2012_3
1450,3753,お兄ちゃんだけど愛さえあれば関係ないよねっ,2012_3
1451,3714,ToLOVEる－とらぶる－ダークネス,2012_3
1452,3785,K,2012_3
1453,3843,神様はじめました,2012_3
1454,3708,ROBOTICS;NOTES[ロボティクスノーツ],2012_3
1455,4037,銀魂’延長戦,2012_3
1456,3699,バクマン。第3シリーズ,2012_3
1457,3954,俺の妹がこんなに可愛いわけがないTRUEROUTEスペシャル版,2012_3
1458,3754,好きっていいなよ。,2012_3
1459,3697,ひだまりスケッチ×ハニカム,2012_3
1460,9436,怪奇ゾーングラビティフォールズ,2012_3
1461,3859,てーきゅう,2012_3
1462,3860,イクシオンサーガDT,2012_3
1463,3861,アイカツ！,2012_3
1464,3838,めだかボックスアブノーマル,2012_3
1465,3854,CODE：BREAKER,2012_3
1466,3866,頭文字DFifthStage,2012_3
1467,3797,ハヤテのごとく！CAN'TTAKEMYEYESOFFYOU,2012_3
1468,3842,緋色の欠片第二章,2012_3
1469,3973,ワンピースエピソードオブルフィハンドアイランドの冒険,2012_3
1470,3851,武装神姫,2012_3
1471,3846,うーさーのその日暮らし,2012_3
1472,3845,超速変形ジャイロゼッター,2012_3
1473,3853,はいたい七葉,2012_3
1474,3858,遊☆戯☆王ゼアルII,2012_3
1475,3865,ちいさなおじさん,2012_3
1476,3847,獣旋バトルモンスーノ,2012_3
1477,3855,おしりかじり虫,2012_3
1478,3864,蒼い世界の中心で,2012_3
1479,3844,ライチDE光クラブ,2012_3
1480,3856,クロスファイトビーダマンeS,2012_3
1481,8218,バックステージ・アイドル・ストーリー,2012_3
1482,8931,流れ星レンズ,2012_3
1483,9017,紙兎[カミウサギ]ロペ笑う朝には福来たるってマジっすか！？,2012_3
1484,8932,CRASH！,2012_3
1485,10098,うさぎのモフィ,2012_3
1486,3778,ちはやふる2,2013_0
1487,3889,僕は友達が少ないNEXT,2013_0
1488,3923,ラブライブ！schoolidolproject,2013_0
1489,3925,俺の彼女と幼なじみが修羅場すぎる,2013_0
1490,3944,たまこまーけっと,2013_0
1491,3945,問題児たちが異世界から来るそうですよ？,2013_0
1492,3885,まおゆう魔王勇者,2013_0
1493,3898,琴浦さん,2013_0
1494,3937,みなみけただいま,2013_0
1495,3930,咲-Saki-阿知賀編episodeofside-A(第２作),2013_0
1496,3933,ヤマノススメ,2013_0
1497,3928,GJ部,2013_0
1498,3922,ささみさん＠がんばらない,2013_0
1499,3246,生徒会の一存Lv.2,2013_0
1500,3942,THEUNLIMITED-兵部京介-,2013_0
1501,3938,八犬伝ー東方八犬異聞ー,2013_0
1502,3801,D.C.III～ダ・カーポIII～,2013_0
1503,3924,ビビッドレッド・オペレーション,2013_0
1504,3940,AMNESIA(アムネシア),2013_0
1505,3935,キューティクル探偵因幡,2013_0
1506,3948,ヘタリアTheBeautifulWorld,2013_0
1507,3927,戦勇。,2013_0
1508,3949,ドキドキ！プリキュア,2013_0
1509,3939,閃乱カグラ,2013_0
1510,3931,gdgd妖精s(ぐだぐだフェアリーーズ)第2期,2013_0
1511,3932,ぷちますプチ・アイドルマスター,2013_0
1512,3926,AKB0048NextStage,2013_0
1513,4786,人生ベストテン,2013_0
1514,4005,直球表題ロボットアニメ,2013_0
1515,3982,探偵オペラミルキィホームズAlternativeTWO～小林オペラと虚空の大鴉～,2013_0
1516,7945,カードファイト！！ヴァンガードリンクジョーカー編,2013_0
1517,3934,あいまいみー,2013_0
1518,3929,僕の妹は「大阪おかん」,2013_0
1519,4785,夕餉（ゆうげ）,2013_0
1520,3953,まんがーる！,2013_0
1521,3941,幕末義人伝浪漫,2013_0
1522,3976,LINEOFFLINE～サラリーマン～,2013_0
1523,3950,石田とあさくら,2013_0
1524,3946,ビーストサーガ,2013_0
1525,3947,がんばれ！ルルロロ,2013_0
1526,9578,PeepingLife：WorldHistory,2013_0
1527,8660,天保水滸伝NEO,2013_0
1528,8681,よわむしモンスターズ,2013_0
1529,3997,進撃の巨人,2013_1
1530,3994,やはり俺の青春ラブコメはまちがっている。,2013_1
1531,4012,とある科学の超電磁砲S,2013_1
1532,4004,はたらく魔王さま！,2013_1
1533,3711,俺の妹がこんなに可愛いわけがない。(第2期),2013_1
1534,3990,翠星のガルガンティア,2013_1
1535,3995,変態王子と笑わない猫。,2013_1
1536,3605,デートアライブ[DateALive],2013_1
1537,4018,這いよれ！ニャル子さんW,2013_1
1538,3985,ゆゆ式,2013_1
1539,3991,革命機ヴァルヴレイヴ,2013_1
1540,3996,うたの☆プリンスさまっ♪マジLOVE2000％,2013_1
1541,4011,キングダム第2シリーズ,2013_1
1542,4003,よんでますよ、アザゼルさん。Z,2013_1
1543,3920,RDGレッドデータガール,2013_1
1544,4007,銀河機攻隊マジェスティックプリンス,2013_1
1545,4009,プリティーリズム・レインボーライブ,2013_1
1546,3998,DEVILSURVIVOR2theANIMATION,2013_1
1547,7942,妖狐×僕SS特別編,2013_1
1548,3987,カーニヴァル,2013_1
1549,8285,宇宙戦艦ヤマト2199,2013_1
1550,3989,波打際のむろみさん,2013_1
1551,3988,惡の華,2013_1
1552,8927,機動戦士ガンダムSEEDDESTINYHDリマスター,2013_1
1553,3993,あいうら,2013_1
1554,4001,ハヤテのごとく！Cuties,2013_1
1555,4002,百花繚乱サムライブライド,2013_1
1556,7721,イナズマイレブンGOギャラクシー,2013_1
1557,4014,マイリトルポニー～トモダチは魔法～,2013_1
1558,3992,断裁分離のクライムエッジ,2013_1
1559,4019,フォトカノ,2013_1
1560,4016,ムシブギョー,2013_1
1561,4008,団地ともお,2013_1
1562,7794,はいたい七葉２期,2013_1
1563,4034,秘密結社鷹の爪MAX,2013_1
1564,4030,絶対防衛レヴィアタン,2013_1
1565,4023,ガッ活！（第2シリーズ）,2013_1
1566,4032,探検ドリランド-1000年の真宝-,2013_1
1567,4031,血液型くん！,2013_1
1568,4033,バトルスピリッツソードアイズ激闘伝,2013_1
1569,4787,どこかではないここ,2013_1
1570,4000,アラタカンガタリ～革神語～,2013_1
1571,7724,ガラスの仮面ですがZ,2013_1
1572,4029,黒魔女さんが通る！！新シリーズ,2013_1
1573,7729,LINETOWN,2013_1
1574,4026,ガラスの仮面ですが（ＴＶ版）,2013_1
1575,4017,ぼくは王さま,2013_1
1576,4015,DD北斗の拳,2013_1
1577,4020,スパロウズホテル,2013_1
1578,3967,天使のどろっぷ,2013_1
1579,4025,ジュエルペットハッピネス,2013_1
1580,8001,ダンボール戦機WARS,2013_1
1581,4021,忍者ハットリくん（2013）,2013_1
1582,3986,トレインヒーロー,2013_1
1583,4013,ロボカーポリー,2013_1
1584,6075,ゆうとくんがいく,2013_1
1585,4010,鉄人28号ガオ！,2013_1
1586,9088,マジンガーZIP！,2013_1
1587,6084,＜物語シリーズ＞セカンドシーズン,2013_2
1588,7527,神のみぞ知るセカイ女神篇,2013_2
1589,7558,有頂天家族,2013_2
1590,7533,銀の匙SilverSpoon,2013_2
1591,7520,Free！,2013_2
1592,6081,サーバント×サービス,2013_2
1593,6082,きんいろモザイク,2013_2
1594,7531,私がモテないのはどう考えてもお前らが悪い！,2013_2
1595,7576,ハイスクールDxDNEW,2013_2
1596,7519,ダンガンロンパ希望の学園と絶望の高校生,2013_2
1597,3975,恋愛ラボ-LOVELAB-,2013_2
1598,7522,ロウきゅーぶ！SS(第2期),2013_2
1599,7524,神さまのいない日曜日,2013_2
1600,7584,ブラッドラッド,2013_2
1601,3698,Fate／kaleidlinerプリズマ☆イリヤ,2013_2
1602,7597,ガッチャマンクラウズ,2013_2
1603,3694,たまゆら～もあぐれっしぶ～(第2期),2013_2
1604,6077,犬とハサミは使いよう,2013_2
1605,7556,BROTHERSCONFLICT(ブラザーズコンフリクト),2013_2
1606,6080,戦姫絶唱シンフォギアＧ(第2期),2013_2
1607,6085,げんしけん二代目,2013_2
1608,7998,ONEPIECEエピソードオブメリーもうひとりの仲間の物語,2013_2
1609,6079,ローゼンメイデン（スタジオディーン版）,2013_2
1610,7595,八犬伝東方八犬異聞(第2期),2013_2
1611,8928,空の境界（TV放送版）,2013_2
1612,7559,君のいる町,2013_2
1613,6086,てーきゅう第2期,2013_2
1614,7646,SuperSeisyunBrothers―超青春姉弟s―,2013_2
1615,7548,超次元ゲイムネプテューヌTHEANIMATION,2013_2
1616,7564,帰宅部活動記録,2013_2
1617,8365,フルーティー侍,2013_2
1618,7585,魔界王子devilsandrealist,2013_2
1619,6083,幻影ヲ駆ケル太陽,2013_2
1620,7583,戦勇。(第2期),2013_2
1621,7525,ファンタジスタドール,2013_2
1622,7521,特例措置団体ステラ女学院高等科Ｃ３部,2013_2
1623,6076,リコーダーとランドセルミ☆,2013_2
1624,7708,闇芝居,2013_2
1625,7598,ふたりはミルキィホームズ,2013_2
1626,6078,義風堂々！！直江兼続～前田慶次酒語り～,2013_2
1627,7596,にゅるにゅる！！KAKUSENくん,2013_2
1628,7555,マジでオタクなイングリッシュ！りぼんちゃんtheTV,2013_2
1629,7787,GO！GO！家電男子,2013_2
1630,8956,ラブリームービーいとしのムーコ,2013_2
1631,9043,びじゅチューン！,2013_2
1632,7953,たまごっち！～みらくるフレンズ～,2013_2
1633,3919,凪のあすから,2013_3
1634,7620,のんのんびより,2013_3
1635,7651,境界の彼方,2013_3
1636,7629,キルラキル,2013_3
1637,7622,ストライク・ザ・ブラッド,2013_3
1638,7660,東京レイヴンズ,2013_3
1639,7627,アウトブレイク・カンパニー萌える侵略者,2013_3
1640,7630,ログ・ホライズン,2013_3
1641,7638,リトルバスターズ！〜Refrain〜,2013_3
1642,7619,俺の脳内選択肢が、学園ラブコメを全力で邪魔している,2013_3
1643,7633,ゴールデンタイム,2013_3
1644,7625,機巧少女は傷つかない,2013_3
1645,7614,IS2[インフィニットストラトス２],2013_3
1646,7603,WHITEALBUM2,2013_3
1647,7657,蒼き鋼のアルペジオ-アルス・ノヴァ-,2013_3
1648,7600,黒子のバスケ(第2期),2013_3
1649,7613,弱虫ペダル,2013_3
1650,7634,マギTheKingdomofmagic(2期),2013_3
1651,7679,勇者になれなかった俺はしぶしぶ就職を決意しました。,2013_3
1652,7623,ダイヤのA,2013_3
1653,7655,夜桜四重奏ハナノウタ,2013_3
1654,7659,革命機ヴァルヴレイヴ2ndシーズン,2013_3
1655,7612,ガンダムビルドファイターズ,2013_3
1656,7656,ぎんぎつね,2013_3
1657,7611,ワルキューレロマンツェ,2013_3
1658,7662,アイカツ！2ndシーズン,2013_3
1659,7788,京騒戯画,2013_3
1660,7789,ポケットモンスタージ・オリジン,2013_3
1661,7706,てーきゅう第3期,2013_3
1662,7652,はじめの一歩Rising,2013_3
1663,7635,ガリレイドンナ,2013_3
1664,7636,サムライフラメンコ,2013_3
1665,7621,DIABOLIKLOVERS,2013_3
1666,7658,ポケットモンスターXY,2013_3
1667,2858,COPPELIONコッペリオン,2013_3
1668,7653,てさぐれ！部活もの,2013_3
1669,7649,ミス・モノクローム,2013_3
1670,7615,フリージングヴァイブレーション,2013_3
1671,7654,ファイ・ブレイン～神のパズル第3シリーズ～,2013_3
1672,7704,ルパン三世princessofthebreeze～隠された空中都市～,2013_3
1673,7661,殺し屋さん,2013_3
1674,7631,世界でいちばん強くなりたい！,2013_3
1675,7647,最強銀河究極ゼロバトルスピリッツ,2013_3
1676,7618,BLAZBLUE,2013_3
1677,7616,メガネブ！,2013_3
1678,7790,声優戦隊ボイストーム7,2013_3
1679,7650,ガイストクラッシャー,2013_3
1680,7648,おしりかじり虫第2シリーズ,2013_3
1681,7670,ニセコイ,2014_0
1682,7739,ノラガミ,2014_0
1683,7695,中二病でも恋がしたい！戀（REN）,2014_0
1684,7743,未確認で進行形,2014_0
1685,7760,ディーふらぐ！,2014_0
1686,7671,のうりん,2014_0
1687,7705,ソードアート・オンラインExtraEdition,2014_0
1688,7763,生徒会役員共＊（第2期）,2014_0
1689,7741,ウィッチクラフトワークス,2014_0
1690,7750,銀の匙SilverSpoon(第2期),2014_0
1691,7702,いなり、こんこん、恋いろは。,2014_0
1692,7737,鬼灯の冷徹,2014_0
1693,7693,咲-Saki-全国編,2014_0
1694,7759,蟲師特別篇「日蝕む翳」,2014_0
1695,7666,となりの関くん,2014_0
1696,7678,桜Trick,2014_0
1697,7735,ハマトラ,2014_0
1698,7940,中二病でも恋がしたい！ExtraEpisode煌めきの…聖爆誕祭（スラップスティック・ノエル）,2014_0
1699,7757,バディ・コンプレックス,2014_0
1700,7663,スペース☆ダンディ,2014_0
1701,7749,最近、妹のようすがちょっとおかしいんだが。,2014_0
1702,7751,世界征服～謀略のズヴィズダー～,2014_0
1703,7941,中二病でも恋がしたい！戀Lite,2014_0
1704,7626,とある飛空士への恋歌,2014_0
1705,7773,てさぐれ！部活ものあんこーる,2014_0
1706,7742,お姉ちゃんが来た,2014_0
1707,7752,そにアニ-SUPERSONICOTHEANIMATION-,2014_0
1708,7672,ロボットガールズZ,2014_0
1709,7731,プピポー！,2014_0
1710,7673,"WakeUp,Girls！",2014_0
1711,7755,うーさーのその日暮らし覚醒編,2014_0
1712,7697,ウィザード・バリスターズ～弁魔士セシル,2014_0
1713,7689,魔法戦争,2014_0
1714,7754,フューチャーカードバディファイト,2014_0
1715,7883,ナンダカベロニカ,2014_0
1716,7699,妖怪ウォッチ,2014_0
1717,7694,マケン姫っ！通,2014_0
1718,7700,ノブナガン,2014_0
1719,7851,カードファイト！！ヴァンガードレギオンメイト編,2014_0
1720,7736,ノブナガ・ザ・フール,2014_0
1721,7753,ハピネスチャージプリキュア！,2014_0
1722,7748,GO！GO！575,2014_0
1723,7734,熱風海陸ブシロード,2014_0
1724,7703,Z／XIGNITION,2014_0
1725,7738,ストレンジ・プラス,2014_0
1726,7774,犬猫アワー47都道府犬R&amp;にゃ〜めん,2014_0
1727,7766,地下すぎアイドルあかえちゃん,2014_0
1728,7842,攻殻機動隊入門あらいず,2014_0
1729,7740,みんな集まれ！ファルコム学園,2014_0
1730,7775,おにくだいすき！ゼウシくん,2014_0
1731,7632,pupa(ピューパ),2014_0
1732,7877,超亜空間防壁チーズ・ナポリタン,2014_0
1733,7761,めいたんていラスカル,2014_0
1734,7906,わしも-wasimo-,2014_0
1735,7878,チャンネル5.5,2014_0
1736,7898,ノーゲーム・ノーライフ,2014_1
1737,7801,魔法科高校の劣等生,2014_1
1738,7854,一週間フレンズ。,2014_1
1739,7866,僕らはみんな河合荘,2014_1
1740,7861,ブラック・ブレット,2014_1
1741,7870,ご注文はうさぎですか？,2014_1
1742,7764,ハイキュー！！,2014_1
1743,7864,ピンポン,2014_1
1744,7696,ラブライブ！Schoolidolproject(第2期),2014_1
1745,7847,シドニアの騎士,2014_1
1746,7859,極黒のブリュンヒルデ,2014_1
1747,7865,それでも世界は美しい,2014_1
1748,7791,ジョジョの奇妙な冒険スターダストクルセイダース,2014_1
1749,7868,デート・ア・ライブII,2014_1
1750,7855,蟲師続章,2014_1
1751,7850,マンガ家さんとアシスタントさんと,2014_1
1752,7873,棺姫のチャイカ,2014_1
1753,7902,selectorinfectedWIXOSS,2014_1
1754,7869,龍ヶ嬢七々々の埋蔵金,2014_1
1755,7762,ベイビーステップ,2014_1
1756,7889,星刻の竜騎士（ドラグナー）,2014_1
1757,7863,彼女がフラグをおられたら,2014_1
1758,7667,悪魔のリドル,2014_1
1759,7862,FAIRYTAIL(2期),2014_1
1760,7887,レディジュエルペット,2014_1
1761,7867,メカクシティアクターズ,2014_1
1762,7897,ソウルイーターノット！,2014_1
1763,7893,ブレイクブレイド,2014_1
1764,7845,GJ部@,2014_1
1765,7846,神々の悪戯,2014_1
1766,7848,健全ロボダイミダラー,2014_1
1767,7871,犬神さんと猫山さん,2014_1
1768,7900,エスカ＆ロジーのアトリエ～黄昏の空の錬金術士～,2014_1
1769,7896,史上最強の弟子ケンイチ闇の襲撃,2014_1
1770,7872,ぷちます！！-プチプチ・アイドルマスター,2014_1
1771,9342,ドラゴンボールZ神と神特別版,2014_1
1772,7903,監督不行届,2014_1
1773,7858,キャプテン・アース,2014_1
1774,7888,金田一少年の事件簿R(リターンズ),2014_1
1775,8381,おへんろ。〜八十八歩記〜,2014_1
1776,7891,ドラゴンボール改魔人ブウ編,2014_1
1777,7856,ディスク・ウォーズ：アベンジャーズ,2014_1
1778,7860,マジンボーン,2014_1
1779,7876,プリティーリズム・オールスターセレクション,2014_1
1780,8930,つばさとホタル,2014_1
1781,7885,ミュータントタートルズ,2014_1
1782,7909,カリーノ・コニ,2014_1
1783,7904,M3-ソノ黑キ鋼-,2014_1
1784,7874,金色のコルダBlue♪Sky,2014_1
1785,7844,ケロロ,2014_1
1786,7912,秘密結社鷹の爪エクストリーム,2014_1
1787,7886,テンカイナイト,2014_1
1788,7907,超爆裂異次元メンコバトルギガントシューターつかさ,2014_1
1789,7899,ブレイドアンドソウル,2014_1
1790,7892,遊☆戯☆王ARC-V(アーク・ファイブ),2014_1
1791,7875,魔法少女大戦,2014_1
1792,7843,戦国無双SP～真田の章～,2014_1
1793,7849,ヒーローバンク,2014_1
1794,7884,くつだる。,2014_1
1795,7890,暴れん坊力士！！松太郎,2014_1
1796,7857,風雲維新ダイショーグン,2014_1
1797,7905,召ませロードス島戦記それっておいしいの？それっておいしいの？,2014_1
1798,7895,ドラゴンコレクション,2014_1
1799,7894,オレカバトル,2014_1
1800,7911,パックワールド,2014_1
1801,8957,ラブリームービーいとしのムーコSeason2,2014_1
1802,8920,猫ピッチャー,2014_1
1803,7918,デュエル・マスターズVS,2014_1
1804,8571,ぐでたま,2014_1
1805,7997,ばらかもん,2014_2
1806,7929,ソードアートオンラインⅡ,2014_2
1807,7992,月刊少女野崎くん,2014_2
1808,7954,アルドノア・ゼロ,2014_2
1809,7979,東京喰種,2014_2
1810,8013,アカメが斬る！,2014_2
1811,7916,花物語,2014_2
1812,7914,残響のテロル,2014_2
1813,7993,PSYCHO-PASSサイコパス新編集版,2014_2
1814,7989,アオハライド,2014_2
1815,8016,六畳間の侵略者！？,2014_2
1816,7927,ヤマノススメセカンドシーズン,2014_2
1817,8011,ハナヤマタ,2014_2
1818,8007,Free！EternalSummer,2014_2
1819,7987,普通の女子校生が【ろこどる】やってみた。,2014_2
1820,7991,黒執事BookofCircus,2014_2
1821,7984,スペース☆ダンディシーズン2,2014_2
1822,8045,Fate／kaleidlinerプリズマ☆イリヤ2wei,2014_2
1823,8141,蟲師続章特別編「棘のみち」,2014_2
1824,7986,プリパラ,2014_2
1825,8015,精霊使いの剣舞,2014_2
1826,7996,信長協奏曲,2014_2
1827,7698,さばげぶっ！,2014_2
1828,8012,人生相談テレビアニメーション「人生」,2014_2
1829,8019,Re：␣ハマトラ,2014_2
1830,8010,ペルソナ4ザ・ゴールデン,2014_2
1831,8005,グラスリップ,2014_2
1832,8020,LOVESTAGE！！,2014_2
1833,8017,まじもじるるも,2014_2
1834,8099,ワンピース“3D2Y”エースの死を越えて！ルフィ仲間との誓い,2014_2
1835,7988,RAILWARS！,2014_2
1836,7995,目玉焼きの黄身いつつぶす？,2014_2
1837,7980,東京ESP,2014_2
1838,7990,あいまいみー～妄想カタストロフ～,2014_2
1839,7994,少年ハリウッド,2014_2
1840,8023,ひめゴト,2014_2
1841,8042,真ストレンジ・プラス,2014_2
1842,8022,幕末Rock,2014_2
1843,8024,毎度！浦安鉄筋家族,2014_2
1844,8008,白銀の意思アルジェヴォルン,2014_2
1845,8014,戦国BASARAJudgeEnd,2014_2
1846,8018,モモキュンソード,2014_2
1847,8021,DRAMAticalMurder,2014_2
1848,8043,スミ子,2014_2
1849,8044,闇芝居2期,2014_2
1850,8046,フランチェスカ,2014_2
1851,8101,機動戦士ガンダムさん,2014_2
1852,8057,トイ・ストーリー・オブ・テラー！,2014_2
1853,8084,ワールドフールニュース,2014_2
1854,9039,花は咲く東北に咲く,2014_2
1855,8361,キョートカクテル,2014_2
1856,7913,四月は君の嘘,2014_3
1857,8233,SHIROBAKO,2014_3
1858,8032,甘城ブリリアントパーク,2014_3
1859,7915,Fate／staynight[UnlimitedBladeWorks],2014_3
1860,7606,PSYCHO-PASSサイコパス2,2014_3
1861,8069,グリザイアの果実,2014_3
1862,7983,寄生獣セイの格率,2014_3
1863,8196,七つの大罪,2014_3
1864,8211,結城友奈は勇者である,2014_3
1865,8103,トリニティセブン,2014_3
1866,8113,異能バトルは日常系のなかで,2014_3
1867,8077,暁のヨナ,2014_3
1868,8222,クロスアンジュ天使と竜の輪舞,2014_3
1869,8253,蟲師続章（後半エピソード）,2014_3
1870,8165,魔弾の王と戦姫,2014_3
1871,8235,繰繰れ！コックリさん,2014_3
1872,8031,弱虫ペダルGRANDEROAD,2014_3
1873,8237,ログ・ホライズン第2シリーズ,2014_3
1874,8147,神撃のバハムートGENESIS,2014_3
1875,8050,天体のメソッド,2014_3
1876,8105,旦那が何を言っているかわからない件,2014_3
1877,8236,デンキ街の本屋さん,2014_3
1878,8108,オオカミ少女と黒王子,2014_3
1879,8255,selectorspreadWIXOSS,2014_3
1880,7985,棺姫のチャイカAVENGINGBATTLE,2014_3
1881,8146,失われた未来を求めて,2014_3
1882,8056,バディ・コンプレックス完結編―あの空に還る未来で―,2014_3
1883,8232,ワールドトリガー,2014_3
1884,8052,大図書館の羊飼い,2014_3
1885,8195,アイカツ！3rdシーズン,2014_3
1886,8054,曇天に笑う,2014_3
1887,8234,牙狼〈GARO〉-炎の刻印-,2014_3
1888,7981,TERRAFORMARS,2014_3
1889,8053,俺、ツインテールになります。,2014_3
1890,8145,ガンダムビルドファイターズトライ,2014_3
1891,8267,トライブクルクル-tribecoolcrew-,2014_3
1892,8198,まじっく快斗1412,2014_3
1893,8241,Hi☆sCoool！セハガール,2014_3
1894,8163,ガールフレンド（仮）,2014_3
1895,8194,怪盗ジョーカー,2014_3
1896,8217,山賊の娘ローニャ,2014_3
1897,8051,オレん家のフロ事情,2014_3
1898,8033,ガンダムGのレコンギスタ,2014_3
1899,8321,愛・天地無用！,2014_3
1900,8262,なりヒロｗｗｗ,2014_3
1901,8340,カードファイト！！ヴァンガードＧ,2014_3
1902,8260,ぐらP＆ろで夫,2014_3
1903,8349,ナノ・インベーダーズ,2014_3
1904,8251,ふうせんいぬティニー,2014_3
1905,8743,ツムツム,2014_3
1906,7972,冴えない彼女の育てかた,2015_0
1907,8305,アルドノア・ゼロ(第2期),2015_0
1908,8426,憑物語,2015_0
1909,8259,ジョジョの奇妙な冒険スターダストクルセイダースエジプト編,2015_0
1910,8363,東京喰種√A,2015_0
1911,8072,デュラララ！！×2承,2015_0
1912,8065,暗殺教室,2015_0
1913,8666,デス・パレード,2015_0
1914,8030,アイドルマスターシンデレラガールズ,2015_0
1915,8097,黒子のバスケ(第3期),2015_0
1916,8186,純潔のマリア,2015_0
1917,8155,幸腹グラフィティ,2015_0
1918,8212,神様はじめました◎,2015_0
1919,8149,新妹魔王の契約者,2015_0
1920,8029,蒼穹のファフナーEXODUS,2015_0
1921,7765,艦隊これくしょん-艦これ-,2015_0
1922,8166,アブソリュート・デュオ,2015_0
1923,8151,聖剣使いの禁呪詠唱,2015_0
1924,8457,夜ノヤッターマン,2015_0
1925,8189,DOGDAYS″,2015_0
1926,8881,Go！プリンセスプリキュア,2015_0
1927,8265,ユリ熊嵐,2015_0
1928,8354,ローリング☆ガールズ,2015_0
1929,8180,名探偵コナン江戸川コナン失踪事件～史上最悪の二日間～,2015_0
1930,8295,テイルズオブゼスティリア～導師の夜明け～,2015_0
1931,8805,アニメ15周年記念「ワンピースエピソードオブチョッパープラス冬に咲く、奇跡の桜」2014年特別版,2015_0
1932,8720,少年ハリウッド-HOLLYSTAGEFOR50-,2015_0
1933,8322,美男高校地球防衛部LOVE！,2015_0
1934,8150,銃皇無尽のファフニール,2015_0
1935,8380,スター・ウォーズ反乱者たち,2015_0
1936,8798,遊☆戯☆王デュエルモンスターズ20thリマスター,2015_0
1937,8579,キュートランスフォーマー～帰ってきたコンボイの謎～,2015_0
1938,8293,探偵歌劇ミルキィホームズTD,2015_0
1939,8465,血液型くん！2,2015_0
1940,8618,みりたり！,2015_0
1941,8732,みんな集まれ！ファルコム学園SC,2015_0
1942,8143,ISUCA,2015_0
1943,9273,今、ふたりの道,2015_0
1944,8498,戦国無双,2015_0
1945,9098,恋騎士Purely☆KissTHEANIMATION～SpecialEdition～,2015_0
1946,8315,ドアマイガーＤ,2015_0
1947,8489,ぱんきす！2次元,2015_0
1948,8803,うわばきクック,2015_0
1949,8851,わしもWASIMO,2015_0
1950,8895,響け！ユーフォニアム,2015_1
1951,8393,やはり俺の青春ラブコメはまちがっている。続,2015_1
1952,8438,ダンジョンに出会いを求めるのは間違っているだろうか,2015_1
1953,8316,プラスティック・メモリーズ,2015_1
1954,8203,Fate／staynight[フェイト／ステイナイト][UnlimitedBladeWorks]2ndシーズン,2015_1
1955,8827,食戟のソーマ,2015_1
1956,8900,グリザイアの迷宮&amp;グリザイアの楽園,2015_1
1957,8064,シドニアの騎士第九惑星戦役,2015_1
1958,8838,ニセコイ：,2015_1
1959,8187,血界戦線,2015_1
1960,8276,終わりのセラフSeraphoftheend,2015_1
1961,8661,山田くんと7人の魔女,2015_1
1962,8730,俺物語！！,2015_1
1963,8912,アルスラーン戦記,2015_1
1964,8153,ハロー！！きんいろモザイク,2015_1
1965,8844,銀魂゜,2015_1
1966,8104,ハイスクールD×DBorN,2015_1
1967,8462,SHOWBYROCK！！,2015_1
1968,8324,ベイビーステップ（第2シリーズ）,2015_1
1969,9270,ダイヤのA～SecondSeason～,2015_1
1970,8167,長門有希ちゃんの消失,2015_1
1971,8063,うたの☆プリンスさまっ♪マジLOVEレボリューションズ,2015_1
1972,8879,旦那が何を言っているかわからない件2スレ目,2015_1
1973,8792,てーきゅう第4期,2015_1
1974,9069,プリパラ2ndシーズン,2015_1
1975,9009,電波教師,2015_1
1976,8793,放課後のプレアデスTVアニメ版,2015_1
1977,9177,攻殻機動隊ARISEALTERNATIVEARCHITECTURE（オルタナティヴアーキテクチャ）,2015_1
1978,8566,えとたま,2015_1
1979,9278,アルティメット・スパイダーマンウェブ・ウォーリアーズ,2015_1
1980,8594,境界のRINNE,2015_1
1981,8791,高宮なすのです！,2015_1
1982,8718,レーカン！,2015_1
1983,8768,てさぐれ！部活ものすぴんおふプルプルんシャルムと遊ぼう,2015_1
1984,9356,ジュエルペットマジカルチェンジ,2015_1
1985,9037,英国一家、日本を食べる,2015_1
1986,9271,遊☆戯☆王デュエルモンスターズバトル・シティ編,2015_1
1987,9585,ピカイア！,2015_1
1988,8652,パンチライン,2015_1
1989,8745,ガンスリンガーストラトス,2015_1
1990,8292,魔法少女リリカルなのはViVid,2015_1
1991,9195,にゅるにゅる！！KAKUSENくん2期,2015_1
1992,8760,ミカグラ学園組曲,2015_1
1993,8325,トリアージX,2015_1
1994,8362,浦和の調ちゃん,2015_1
1995,9093,雨色ココア,2015_1
1996,9047,ナルどマ,2015_1
1997,9094,VAMPIREHOLMES,2015_1
1998,9096,BAR嫌われ野菜,2015_1
1999,8935,トランスフォーマーアドベンチャー,2015_1
2000,9301,ふなっしーのふなふなふな日和,2015_1
2001,8986,バトルスピリッツ烈火魂＜バーニングソウル＞,2015_1
2002,9123,フィニアスとファーブ／スター・ウォーズ大作戦,2015_1
2003,9378,GONゴン（新シリーズ）,2015_1
2004,9319,パンパカパンツおNEW！,2015_1
2005,9418,グッド・モーニング！！！ドロンジョ,2015_1
2006,9999,ハッピージョージ,2015_1
2007,9067,Charlotte[シャーロット],2015_2
2008,9086,監獄学園-プリズンスクール-,2015_2
2009,9374,オーバーロード[OVERLORD],2015_2
2010,8814,GATE(ゲート)自衛隊彼の地にて、斯く戦えり,2015_2
2011,8185,がっこうぐらし！,2015_2
2012,8100,のんのんびよりりぴーと,2015_2
2013,8911,干物妹！うまるちゃん,2015_2
2014,8865,WORKING！！！[ワーキング]3期,2015_2
2015,9223,赤髪の白雪姫,2015_2
2016,8818,六花の勇者,2015_2
2017,8319,デュラララ！！×2転,2015_2
2018,9054,下ネタという概念が存在しない退屈な世界,2015_2
2019,9368,Classroom☆Crisis（クラスルームクライシス）,2015_2
2020,9073,城下町のダンデライオン,2015_2
2021,9330,アイドルマスターシンデレラガールズ2ndシーズン,2015_2
2022,8845,ToLOVEる－とらぶる－ダークネス2nd,2015_2
2023,8919,Fate／kaleidlinerプリズマ☆イリヤ2weiHerz！,2015_2
2024,9325,モンスター娘のいる日常,2015_2
2025,8908,それが声優！,2015_2
2026,8112,GANGSTA.（ギャングスタ）,2015_2
2027,10139,ゆるゆりなちゅやちゅみ！＋「＋２」,2015_2
2028,8971,ガッチャマンクラウズインサイト,2015_2
2029,10031,ゆるゆりなちゅやちゅみ！＋「＋１」,2015_2
2030,8913,戦姫絶唱シンフォギアGX(第3期),2015_2
2031,8303,GODEATER,2015_2
2032,9103,うしおととら,2015_2
2033,9363,わかば＊ガール,2015_2
2034,9244,青春×機関銃,2015_2
2035,9458,てーきゅう第5期,2015_2
2036,9072,実は私は,2015_2
2037,8653,乱歩奇譚GameofLaplace,2015_2
2038,9845,ワンピースエピソードオブサボ～3兄弟の絆奇跡の再会と受け継がれる意志～,2015_2
2039,9461,妖怪ウォッチセカンドシーズン,2015_2
2040,9085,おくさまが生徒会長！,2015_2
2041,9341,純情ロマンチカ3,2015_2
2042,8148,空戦魔導士候補生の教官,2015_2
2043,9212,だんちがい,2015_2
2044,10069,オーバーロードちびキャラアニメ「ぷれぷれぷれあです」,2015_2
2045,9388,ワカコ酒,2015_2
2046,9700,ドラゴンボール超（スーパー）,2015_2
2047,9752,キュートランスフォーマーさらなる人気者への道,2015_2
2048,9372,ミス・モノクローム-TheAnimation-2,2015_2
2049,9070,うーさーのその日暮らし夢幻編,2015_2
2050,9189,ケイオスドラゴン赤竜戦役,2015_2
2051,9723,洲崎西THEANIMATION,2015_2
2052,9684,ビキニ・ウォリアーズ,2015_2
2053,9370,アクエリオンロゴス,2015_2
2054,9598,枕男子,2015_2
2055,9875,金夜安部礼司～平均的サラリーマンの異常な日常～,2015_2
2056,9681,怪獣酒場カンパーイ！,2015_2
2057,9819,暗闇三太,2015_2
2058,9282,VENUSPROJECT-CLIMAX-,2015_2
2059,9134,ミリオンドール,2015_2
2060,9869,トイ・ストーリー謎の恐竜ワールド,2015_2
2061,9951,野球部あるある,2015_2
2062,10907,アベンジャーズ・アッセンブル,2015_2
2063,9318,ワンパンマン,2015_3
2064,9957,終物語,2015_3
2065,9052,ハイキュー！！セカンドシーズン,2015_3
2066,9068,ご注文はうさぎですか？？（第2期）,2015_3
2067,9450,ノラガミARAGOTO,2015_3
2068,9314,落第騎士の英雄譚（キャバルリィ）,2015_3
2069,9996,機動戦士ガンダム鉄血のオルフェンズ,2015_3
2070,9293,ゆるゆりさん☆ハイ！,2015_3
2071,9949,おそ松さん,2015_3
2072,9442,学戦都市アスタリスク,2015_3
2073,9226,櫻子さんの足下には死体が埋まっている,2015_3
2074,8825,終わりのセラフ名古屋決戦編,2015_3
2075,8079,俺がお嬢様学校に「庶民サンプル」としてゲッツされた件,2015_3
2076,10286,STEINS；GATE[シュタインズ・ゲート]改変版23話-境界面上のミッシングリンク-,2015_3
2077,9731,蒼穹のファフナーEXODUS2期,2015_3
2078,9540,ルパン三世新シリーズ（part4）,2015_3
2079,8339,へヴィーオブジェクト,2015_3
2080,9795,うたわれるもの偽りの仮面,2015_3
2081,8654,すべてがFになるTHEPERFECTINSIDER,2015_3
2082,9080,KRETURNOFKINGS[ケーリターンオブキングス],2015_3
2083,10156,アイカツ！4thシーズン,2015_3
2084,10131,ポケットモンスターXY&amp;Z,2015_3
2085,7999,対魔導学園35試験小隊,2015_3
2086,10154,スタミュ,2015_3
2087,9604,ハッカドールTHE・あにめ～しょん,2015_3
2088,9059,緋弾のアリアAA,2015_3
2089,10091,てーきゅう第6期,2015_3
2090,10073,進撃！巨人中学校,2015_3
2091,9649,ヤングブラック・ジャック,2015_3
2092,9932,コンクリート・レボルティオ～超人幻想～,2015_3
2093,9361,新妹魔王の契約者BURST(バースト）,2015_3
2094,9539,新あたしンち,2015_3
2095,9899,小森さんは断れない！,2015_3
2096,10118,どうしても干支にはいりたい,2015_3
2097,9132,"DIABOLIKLOVERSMORE,BLOOD",2015_3
2098,9868,かみさまみならいヒミツのここたま,2015_3
2099,9133,DancewithDevils,2015_3
2100,10104,あにトレ！EX,2015_3
2101,10040,探偵チームＫＺ事件ノート,2015_3
2102,9369,VALKYRIEDRIVE-MERMAID-（ヴァルキリードライブマーメイド）,2015_3
2103,10122,ミス・モノクローム-TheAnimation-3,2015_3
2104,9993,金田一少年の事件簿R（第2期）,2015_3
2105,10241,ワンピース～アドベンチャーオブネブランディア～,2015_3
2106,10125,血液型くん！3,2015_3
2107,9425,不思議なソメラちゃん,2015_3
2108,9605,影鰐-KAGEWANI-,2015_3
2109,9920,温泉幼精ハコネちゃん,2015_3
2110,9549,いとしのムーコ,2015_3
2111,9870,北斗の拳イチゴ味,2015_3
2112,10083,牙狼-紅蓮ノ月-,2015_3
2113,10051,コメット・ルシファー,2015_3
2114,8177,LanceN’Masques(ランス・アンド・マスクス),2015_3
2115,10121,PeepingLifeTVシーズン1？？,2015_3
2116,9908,雨色ココアRainycolorへようこそ！,2015_3
2117,10094,DD北斗の拳2イチゴ味＋,2015_3
2118,10151,JKめし！,2015_3
2119,9820,こわぼん,2015_3
2120,9541,THUNDERBIRDSAREGO,2015_3
2121,10127,ブレイブビーツ,2015_3
2122,10138,カードファイト！！ヴァンガードGギアースクライシス編,2015_3
2123,9597,ふうせんいぬティニー第2シリーズ,2015_3
2124,10200,こども刑事めめたん,2015_3
2125,12517,今際の国のアリス[アニサン劇場],2015_3
2126,9861,僕だけがいない街,2016_0
2127,9729,この素晴らしい世界に祝福を！,2016_0
2128,10189,灰と幻想のグリムガル,2016_0
2129,10140,GATE自衛隊彼の地にて、斯く戦えり炎龍編,2016_0
2130,8754,昭和元禄落語心中,2016_0
2131,9556,暗殺教室（第2期）,2016_0
2132,10093,無彩限のファントム・ワールド,2016_0
2133,10142,だがしかし,2016_0
2134,9952,赤髪の白雪姫2ndシーズン,2016_0
2135,10145,亜人,2016_0
2136,9948,ディメンションW,2016_0
2137,8320,デュラララ！！×2結,2016_0
2138,10238,WORKING！！！第14話「ロード・オブ・ザ・小鳥遊」,2016_0
2139,9650,最弱無敗の神装機竜《バハムート》,2016_0
2140,10475,オーバー・ザ・ガーデンウォール(OvertheGardenWall),2016_0
2141,10316,GODEATER（ゴッドイーター）メテオライト編,2016_0
2142,9053,蒼の彼方のフォーリズム,2016_0
2143,9794,ハルチカ～ハルタとチカは青春する～,2016_0
2144,10143,大家さんは思春期！,2016_0
2145,10235,おしえて！ギャル子ちゃん,2016_0
2146,10087,虹色デイズ,2016_0
2147,10297,てーきゅう第7期,2016_0
2148,10324,FAIRYTAILZERO,2016_0
2149,10123,プリンス・オブ・ストライドオルタナティブ,2016_0
2150,10304,ルパン三世イタリアン・ゲーム,2016_0
2151,10182,アクティヴレイド-機動強襲室第八係-,2016_0
2152,10295,紅殻のパンドラ,2016_0
2153,10342,彼女と彼女の猫-EverythingFlows-,2016_0
2154,9708,シュヴァルツェスマーケン,2016_0
2155,10269,魔法つかいプリキュア！,2016_0
2156,10240,英国一家、正月を食べる,2016_0
2157,10210,少女たちは荒野を目指す,2016_0
2158,9890,おじさんとマシュマロ,2016_0
2159,10184,魔法少女なんてもういいですから。,2016_0
2160,9982,ファンタシースターオンライン2ジアニメーション,2016_0
2161,8191,NORN9ノルン+ノネット,2016_0
2162,10120,石膏ボーイズ,2016_0
2163,10250,ブブキ・ブランキ,2016_0
2164,10201,ナースウィッチ小麦ちゃんR,2016_0
2165,10309,青春×機関銃特別編獣たちの戦場だなっ！,2016_0
2166,10298,血液型くん！第4期,2016_0
2167,10257,ラクエンロジック,2016_0
2168,10259,霊剣山星屑たちの宴,2016_0
2169,10314,リルリルフェアリル～妖精のドア～,2016_0
2170,9762,ディバインゲート,2016_0
2171,10302,旅街レイトショー,2016_0
2172,10317,私たち、らくろじ部！,2016_0
2173,10192,この男子、魔法がお仕事です。,2016_0
2174,10263,SUSHIPOLICE（スシポリス）,2016_0
2175,10230,闇芝居（第3期）,2016_0
2176,10337,悪魔バスター★スター・バタフライ,2016_0
2177,10404,忍たま乱太郎の宇宙大冒険withコズミックフロントNEXT,2016_0
2178,10013,Re：ゼロから始める異世界生活,2016_1
2179,8655,甲鉄城のカバネリ,2016_1
2180,10074,ふらいんぐうぃっち,2016_1
2181,10228,僕のヒーローアカデミア,2016_1
2182,10213,ジョジョの奇妙な冒険ダイヤモンドは砕けない,2016_1
2183,10085,ジョーカー・ゲーム,2016_1
2184,10079,ネトゲの嫁は女の子じゃないと思った？,2016_1
2185,10356,坂本ですが？,2016_1
2186,10258,田中くんはいつもけだるげ,2016_1
2187,10102,ハイスクール・フリート(はいふり),2016_1
2188,10299,クロムクロ,2016_1
2189,7908,マクロスΔ,2016_1
2190,10429,学戦都市アスタリスク2ndSEASON,2016_1
2191,10097,文豪ストレイドッグス,2016_1
2192,10183,キズナイーバー,2016_1
2193,10128,三者三葉,2016_1
2194,10456,機動戦士ガンダムUCRE：0096,2016_1
2195,9886,あんハピ♪,2016_1
2196,9889,うしおととら第2期,2016_1
2197,9698,ばくおん！！,2016_1
2198,10305,プリパラ3rdシーズン,2016_1
2199,10315,コンクリート・レボルティオ～超人幻想～THELASTSONG,2016_1
2200,10505,マギシンドバッドの冒険,2016_1
2201,10181,くまみこ,2016_1
2202,10108,少年メイド,2016_1
2203,10129,境界のRINNE第2シリーズ,2016_1
2204,9603,SUPERLOVERS,2016_1
2205,10422,宇宙パトロールルル子,2016_1
2206,10458,アイカツスターズ！,2016_1
2207,10674,ほのぼのログ,2016_1
2208,10333,美少女戦士セーラームーンCrystalデス・バスターズ編,2016_1
2209,10319,迷家-マヨイガ-,2016_1
2210,10413,12歳。～ちっちゃなムネのトキメキ～,2016_1
2211,10623,Re：ゼロから始める休憩時間(ブレイクタイム),2016_1
2212,10284,双星の陰陽師,2016_1
2213,10253,テラフォーマーズリベンジ,2016_1
2214,10215,ビッグオーダー,2016_1
2215,10076,とんかつDJアゲ太郎,2016_1
2216,9651,ハンドレッド,2016_1
2217,10467,ニンジャスレイヤーフロムアニメイシヨンTVシリーズ（スペシャル・エディシヨン版）,2016_1
2218,10320,ぼのぼの（新シリーズ）,2016_1
2219,10423,影鰐-KAGEWANI-承,2016_1
2220,10236,薄桜鬼～御伽草紙～（おとぎそうし）,2016_1
2221,10379,少年アシベGO！GO！ゴマちゃん,2016_1
2222,10103,パンでPeace！,2016_1
2223,10385,ねこねこ日本史,2016_1
2224,10092,ワガママハイスペック,2016_1
2225,10135,逆転裁判その「真実」、異議あり！,2016_1
2226,10566,ラグナストライクエンジェルズ,2016_1
2227,10384,聖戦ケルベロス竜刻のファタリテ,2016_1
2228,10395,鬼斬,2016_1
2229,10325,うさかめ,2016_1
2230,10397,エンドライド,2016_1
2231,10509,美少女遊戯ユニットクレーンゲール,2016_1
2232,10540,奇魂侍,2016_1
2233,10736,オトナの一休さん,2016_1
2234,9867,ベイブレードバースト,2016_1
2235,10460,カードファイト！！ヴァンガードGストライドゲート編,2016_1
2236,10369,カミワザ・ワンダ,2016_1
2237,10436,バトルスピリッツダブルドライブ,2016_1
2238,10484,パワーパフガールズ新作シリーズ,2016_1
2239,10552,猫も、オンダケ,2016_1
2240,10611,フューチャーカードバディファイトDDD,2016_1
2241,10615,熱血ゴリラ教師イチゴリ先生,2016_1
2242,10562,朝だよ！貝社員,2016_1
2243,10586,デュエル・マスターズVSRF,2016_1
2244,10537,パンパカパンツWおNEW,2016_1
2245,10221,NEWGAME！,2016_2
2246,9155,ReLIFE,2016_2
2247,10220,この美術部には問題がある！,2016_2
2248,10163,天鏡のアルデラミン,2016_2
2249,10282,モブサイコ100,2016_2
2250,10498,甘々と稲妻,2016_2
2251,10365,食戟のソーマ弐の皿,2016_2
2252,10692,斉木楠雄のΨ難,2016_2
2253,10549,91Days（ナイティーワンデイズ）,2016_2
2254,10347,ラブライブ！サンシャイン！！,2016_2
2255,10574,アルスラーン戦記風塵乱舞,2016_2
2256,10167,あまんちゅ！,2016_2
2257,10546,Fate／kaleidlinerプリズマ☆イリヤ3rei！！,2016_2
2258,9800,テイルズオブゼスティリアザクロス,2016_2
2259,10149,Rewrite,2016_2
2260,10575,七つの大罪聖戦の予兆（しるし）,2016_2
2261,10307,クオリディア・コード,2016_2
2262,10445,orange,2016_2
2263,10430,アクティヴレイド-機動強襲室第八係-2nd,2016_2
2264,10418,ベルセルク,2016_2
2265,10437,不機嫌なモノノケ庵,2016_2
2266,10412,はんだくん,2016_2
2267,10352,DAYS,2016_2
2268,10657,ダンガンロンパ3-TheEndof希望ヶ峰学園-絶望編,2016_2
2269,10762,こちら葛飾区亀有公園前派出所～THEFINAL両津勘吉最後の日～,2016_2
2270,10285,ダンガンロンパ3-TheEndof希望ヶ峰学園-未来編,2016_2
2271,10560,チア男子！！,2016_2
2272,10400,SHOWBYROCK！！しょ～と！！,2016_2
2273,10718,ワンピース～ハートオブゴールド～,2016_2
2274,10720,タイムトラベル少女～マリ・ワカと8人の科学者たち～,2016_2
2275,10795,ガンダムビルドファイターズトライアイランド・ウォーズ,2016_2
2276,10306,D.Gray-manHALLOW,2016_2
2277,9058,タブー・タトゥー,2016_2
2278,10687,PERSONA5theAnimation-THEDAYBREAKERS-,2016_2
2279,9997,SERVAMP-サーヴァンプ-,2016_2
2280,10578,B-PROJECT～鼓動＊アンビシャス～,2016_2
2281,10084,美男高校地球防衛部LOVE！LOVE！,2016_2
2282,9900,初恋モンスター,2016_2
2283,10161,魔装学園H×H,2016_2
2284,10570,ツキウタ。THEANIMATION,2016_2
2285,9526,アンジュ・ヴィエルジュ,2016_2
2286,10665,腐男子高校生活,2016_2
2287,10525,バッテリー,2016_2
2288,10535,レガリアTheThreeSacredStars,2016_2
2289,10779,一人之下theoutcast,2016_2
2290,9424,RS計画RebirthStorage,2016_2
2291,10415,ばなにゃバナナにひそむにゃんこ,2016_2
2292,10455,パズドラクロス,2016_2
2293,10608,スカーレッドライダーゼクス,2016_2
2294,10199,OZMAFIA！！（オズマフィア）,2016_2
2295,10734,魔法少女？なりあ☆がーるず,2016_2
2296,10691,おなら吾郎,2016_2
2297,10698,ちょびっとづかん,2016_2
2298,10668,響け！ユーフォニアム2,2016_3
2299,10147,3月のライオン,2016_3
2300,10533,ハイキュー！！烏野高校VS白鳥沢学園高校,2016_3
2301,10551,夏目友人帳伍,2016_3
2302,10576,ユーリ！！！onICE,2016_3
2303,10536,Occultic；Nine-オカルティック・ナイン-,2016_3
2304,10747,終末のイゼッタ,2016_3
2305,10526,舟を編む,2016_3
2306,10602,WWW.WORKING！！,2016_3
2307,9404,ドリフターズ,2016_3
2308,10689,亜人（第2クール）,2016_3
2309,10767,文豪ストレイドッグスセカンドシーズン,2016_3
2310,10550,魔法少女育成計画,2016_3
2311,10411,ガーリッシュナンバー,2016_3
2312,10565,フリップフラッパーズ,2016_3
2313,10443,競女！！！！！！！！,2016_3
2314,10466,信長の忍び,2016_3
2315,10787,ViVidStrike！,2016_3
2316,10572,灼熱の卓球娘,2016_3
2317,10583,機動戦士ガンダム鉄血のオルフェンズⅡ,2016_3
2318,10431,うどんの国の金色毛鞠,2016_3
2319,10835,てーきゅう第8期,2016_3
2320,10512,私がモテてどうすんだ,2016_3
2321,10480,ブレイブウィッチーズ,2016_3
2322,10796,装神少女まとい,2016_3
2323,10364,ステラのまほう,2016_3
2324,10869,名探偵コナンエピソード”ONE”小さくなった名探偵,2016_3
2325,10784,SHOWBYROCK！！#（第2期）,2016_3
2326,10951,おそ松さんおうまでこばなし,2016_3
2327,10134,ALLOUT！！,2016_3
2328,10745,ヘボット！,2016_3
2329,10761,バーナード嬢曰く。,2016_3
2330,9950,うたの☆プリンスさまっ♪マジLOVEレジェンドスター,2016_3
2331,10867,12歳。～ちっちゃなムネのトキメキ～セカンドシーズン,2016_3
2332,10651,LostorageincitedWIXOSS,2016_3
2333,10878,ダンガンロンパ3-TheEndof希望ヶ峰学園-希望編,2016_3
2334,10388,おくさまが生徒会長！＋！第2期,2016_3
2335,10943,ポケットモンスターサン＆ムーン,2016_3
2336,10710,マジきゅんっ！ルネッサンス,2016_3
2337,10845,あにトレ！！XX～ひとつ屋根の下で～,2016_3
2338,9561,ろんぐらいだぁす！,2016_3
2339,10567,刀剣乱舞-花丸-,2016_3
2340,10830,魔法少女なんてもういいですから。セカンドシーズン,2016_3
2341,10136,モンスターハンターストーリーズRIDEON,2016_3
2342,10462,にゃんぼー！,2016_3
2343,10592,タイガーマスクW,2016_3
2344,10601,ブブキ・ブランキ星の巨人,2016_3
2345,10678,奇異太郎少年の妖怪絵日記,2016_3
2346,10859,はがねオーケストラ,2016_3
2347,10831,戦国鳥獣戯画,2016_3
2348,10857,TOBEHERO（トゥー・ビー・ヒーロー）,2016_3
2349,10847,3ねんDぐみガラスの仮面,2016_3
2350,10933,神々の記,2016_3
2351,10909,銀河機攻隊マジェスティックプリンス第25話「未来への翼」,2016_3
2352,10891,BROTHERHOODFINALFANTASYXV特別編集版,2016_3
2353,10713,デジモンユニバースアプリモンスターズ,2016_3
2354,9933,クラシカロイド,2016_3
2355,9152,ナンバカ,2016_3
2356,10836,あおおに～じ・あにめぇしょん～,2016_3
2357,10731,TRICKSTER-江戸川乱歩「少年探偵団」より-,2016_3
2358,10590,ルガーコード1951,2016_3
2359,10743,学園ハンサム,2016_3
2360,10860,美少女遊戯ユニットクレーンゲールギャラクシー,2016_3
2361,10809,ナゾトキネ,2016_3
2362,10571,ドリフェス！！！！！！,2016_3
2363,10856,CHEATINGCRAFT（チーティングクラフト）,2016_3
2364,10852,Bloodivores（ブラッディヴォーレス）,2016_3
2365,10581,タイムボカン24（トゥエンティーフォー）,2016_3
2366,10789,アイドルメモリーズ,2016_3
2367,10656,侍霊演武SoulBuster,2016_3
2368,10879,雨色ココアinHawaii,2016_3
2369,10866,チーズスイートホームこねこのチーポンポンらー大冒険,2016_3
2370,10821,カードファイト！！ヴァンガードGNEXT,2016_3
2371,10989,イナズマデリバリー,2016_3
2372,10523,この素晴らしい世界に祝福を！第2期,2017_0
2373,10438,幼女戦記,2017_0
2374,10675,小林さんちのメイドラゴン,2017_0
2375,10814,ガヴリールドロップアウト,2017_0
2376,10853,亜人ちゃんは語りたい,2017_0
2377,10765,政宗くんのリベンジ,2017_0
2378,10932,けものフレンズ,2017_0
2379,10769,リトルウィッチアカデミア,2017_0
2380,10604,昭和元禄落語心中助六再び篇,2017_0
2381,10527,クズの本懐,2017_0
2382,10727,ACCA（アッカ）13区監察課,2017_0
2383,10780,青の祓魔師京都不浄王篇,2017_0
2384,10587,うらら迷路帖,2017_0
2385,10851,鬼平,2017_0
2386,11026,龍の歯医者,2017_0
2387,10916,セイレン,2017_0
2388,10873,テイルズオブゼスティリアザクロス（第2期）,2017_0
2389,10176,弱虫ペダルNEWGENERATION,2017_0
2390,10885,銀魂.,2017_0
2391,10827,風夏,2017_0
2392,10892,Rewrite2ndSeason,2017_0
2393,10969,キラキラ☆プリキュアアラモード,2017_0
2394,10945,OneRoom,2017_0
2395,10868,AKIBA'STRIP,2017_0
2396,9406,CHAOS；CHILD（カオスチャイルド）,2017_0
2397,10783,BanGDream！（バンドリ！）,2017_0
2398,10936,Fate／GrandOrder‐FirstOrder‐,2017_0
2399,10940,あいまいみー～SurgicalFriends～,2017_0
2400,10929,にゃんこデイズ,2017_0
2401,10744,SUPERLOVERS第2期,2017_0
2402,10759,ピアシェ～私のイタリアン～,2017_0
2403,11041,チェインクロニクルヘクセイタスの閃,2017_0
2404,10629,南鎌倉高校女子自転車部,2017_0
2405,10497,エルドライブēlDLIVE,2017_0
2406,10934,スクールガールストライカーズAnimationChannel,2017_0
2407,10596,ハンドシェイカー,2017_0
2408,10917,超・少年探偵団NEO,2017_0
2409,10584,霊剣山叡智への資格,2017_0
2410,10990,探偵オペラミルキィホームズファンファンパーリーナイト♪～ケンとジャネットの贈り物～,2017_0
2411,10620,MARGINAL#4KISSから創造るBigBang,2017_0
2412,11028,GRAVITYDAZETheAnimation～Ouverture～,2017_0
2413,10971,戦国鳥獣戯画〜乙〜,2017_0
2414,10861,アイドル事変,2017_0
2415,11544,銀の墓守りII,2017_0
2416,10874,ちるらんにぶんの壱,2017_0
2417,11015,SPIRITPACT,2017_0
2418,10999,闇芝居（第4期）,2017_0
2419,9023,6HPSixHeartsPrincess,2017_0
2420,10991,戦隊ヒーロースキヤキフォース-ぐんまの平和を願うシーズン-,2017_0
2421,11093,ピカイア！！,2017_0
2422,11120,トロールハンターズ,2017_0
2423,11057,月がきれい,2017_1
2424,10513,エロマンガ先生,2017_1
2425,9608,冴えない彼女の育てかた♭,2017_1
2426,9062,進撃の巨人Season2,2017_1
2427,10790,終末なにしてますか？忙しいですか？救ってもらっていいですか？,2017_1
2428,11021,Re：CREATORS（レクリエイターズ）,2017_1
2429,11012,サクラクエスト,2017_1
2430,10771,僕のヒーローアカデミア（第2期）,2017_1
2431,11034,夏目友人帳陸,2017_1
2432,10872,有頂天家族2,2017_1
2433,10534,ロクでなし魔術講師と禁忌教典,2017_1
2434,10941,アリスと蔵六,2017_1
2435,10875,サクラダリセット,2017_1
2436,10902,ゼロから始める魔法の書,2017_1
2437,10499,ダンジョンに出会いを求めるのは間違っているだろうか外伝ソード・オラトリア,2017_1
2438,10766,武装少女マキャヴェリズム,2017_1
2439,10883,ベルセルク次篇,2017_1
2440,10378,正解するカド,2017_1
2441,11108,信長の忍び～伊勢・金ヶ崎篇～,2017_1
2442,9624,神撃のバハムートVIRGINSOUL,2017_1
2443,10842,ひなこのーと,2017_1
2444,10829,ID-0,2017_1
2445,10367,恋愛暴君,2017_1
2446,10137,GRANBLUEFANTASYTheAnimation,2017_1
2447,10954,フレームアームズ・ガール,2017_1
2448,11072,スタミュ（第2期）,2017_1
2449,11052,アイドルタイムプリパラ,2017_1
2450,10865,つぐもも,2017_1
2451,11033,境界のRINNE第3シリーズ,2017_1
2452,10930,アイドルマスターシンデレラガールズ劇場,2017_1
2453,10935,王室教師ハイネ,2017_1
2454,10662,覆面系ノイズ,2017_1
2455,11129,兄に付ける薬はない！,2017_1
2456,10729,アトムザ・ビギニング,2017_1
2457,10321,クロックワーク・プラネット,2017_1
2458,11017,BORUTO-ボルト-NARUTONEXTGENERATIONS,2017_1
2459,11102,遊☆戯☆王VRAINS（ヴレインズ）,2017_1
2460,11014,笑ゥせぇるすまんNEW,2017_1
2461,9466,スナックワールド,2017_1
2462,11164,カブキブ！,2017_1
2463,10901,ツインエンジェルBREAK,2017_1
2464,11096,アキンド星のリトル・ペソ,2017_1
2465,10992,喧嘩番長乙女-GirlBeatsBoys-,2017_1
2466,10837,sin七つの大罪,2017_1
2467,11069,まけるな！！あくのぐんだん！,2017_1
2468,10621,銀の墓守り,2017_1
2469,11177,RoomMate,2017_1
2470,11047,ラブ米-WELOVERICE-,2017_1
2471,11058,僧侶と交わる色欲の夜に…,2017_1
2472,11170,世界の闇図鑑,2017_1
2473,11162,少年アシベGO！GO！ゴマちゃん第2シリーズ,2017_1
2474,11075,プリプリちぃちゃん！！,2017_1
2475,11253,札幌乙女ごはん。,2017_1
2476,11045,トミカハイパーレスキュードライブヘッド機動救急警察,2017_1
2477,11252,ねこねこ日本史第2シリーズ,2017_1
2478,11074,100％パスカル先生,2017_1
2479,11166,フューチャーカードバディファイトX,2017_1
2480,11035,メイドインアビス,2017_2
2481,11161,終物語（「まよいヘル」「ひたぎランデブー」「おうぎダーク」）,2017_2
2482,11154,プリンセス・プリンシパル,2017_2
2483,11196,ようこそ実力至上主義の教室へ,2017_2
2484,11083,NEWGAME！！,2017_2
2485,10961,ゲーマーズ！,2017_2
2486,11037,ボールルームへようこそ,2017_2
2487,11099,賭ケグルイ,2017_2
2488,11076,アホガール,2017_2
2489,10882,ナイツ＆マジック,2017_2
2490,10955,異世界食堂,2017_2
2491,11090,徒然チルドレン,2017_2
2492,11104,恋と嘘,2017_2
2493,10903,天使の3P！,2017_2
2494,11077,魔法陣グルグル(2017),2017_2
2495,11038,Fate／Apocrypha,2017_2
2496,10946,はじめてのギャル,2017_2
2497,11158,異世界はスマートフォンとともに。,2017_2
2498,11053,アクションヒロインチアフルーツ,2017_2
2499,11030,将国のアルタイル,2017_2
2500,10472,戦姫絶唱シンフォギアAXZ(第4期),2017_2
2501,11025,セントールの悩み,2017_2
2502,11190,てーきゅう第9期,2017_2
2503,11117,地獄少女宵伽,2017_2
2504,11056,ひなろじ～fromLuck＆Logic～,2017_2
2505,10568,活撃刀剣乱舞,2017_2
2506,11153,妖怪アパートの幽雅な日常,2017_2
2507,10326,ノラと皇女と野良猫ハート,2017_2
2508,11246,潔癖男子！青山くん,2017_2
2509,10813,最遊記RELOADBLAST,2017_2
2510,11024,ナナマルサンバツ,2017_2
2511,10794,ひとりじめマイヒーロー,2017_2
2512,10958,バチカン奇跡調査官,2017_2
2513,11213,RWBYVolume1-3：TheBeginning,2017_2
2514,11010,DIVE！！,2017_2
2515,10978,捏造トラップ-NTR-,2017_2
2516,11264,SHADOWOFLAFFANDORラファンドール国物語,2017_2
2517,10646,バトルガールハイスクール,2017_2
2518,11217,スカートの中はケダモノでした。,2017_2
2519,11172,18if,2017_2
2520,11018,時間の支配者,2017_2
2521,11235,闇芝居（第5期）,2017_2
2522,11173,カイトアンサ,2017_2
2523,11198,コンビニカレシ,2017_2
2524,11197,クリオネの灯り,2017_2
2525,10229,THEREFLECTIONWAVEONE,2017_2
2526,11229,イケメン戦国時をかけるが恋は始まらない,2017_2
2527,11223,縁結びの妖狐ちゃん,2017_2
2528,11236,無責任ギャラクシー☆タイラー,2017_2
2529,11348,ドリフェス！R,2017_2
2530,11237,ピコ太郎のララバイラーラバイ,2017_2
2531,11291,マーベルフューチャー・アベンジャーズ,2017_2
2532,11787,女川中バスケ部5人の夏,2017_2
2533,11304,3月のライオン第2期,2017_3
2534,11218,宝石の国,2017_3
2535,11289,JustBecause！,2017_3
2536,11296,少女終末旅行,2017_3
2537,11200,妹さえいればいい。,2017_3
2538,11156,このはな綺譚,2017_3
2539,11152,魔法使いの嫁,2017_3
2540,11138,キノの旅-theBeautifulWorld-theAnimatedSeries,2017_3
2541,11294,ネト充のススメ,2017_3
2542,11288,干物妹！うまるちゃんR,2017_3
2543,11222,ブレンド・S,2017_3
2544,11009,いぬやしき,2017_3
2545,11343,食戟のソーマ餐ノ皿,2017_3
2546,10977,血界戦線&amp;BEYOND,2017_3
2547,11054,クジラの子らは砂上に歌う,2017_3
2548,11130,鬼灯の冷徹第弐期,2017_3
2549,11111,ラブライブ！サンシャイン！！2ndSeason,2017_3
2550,11139,十二大戦,2017_3
2551,11342,銀魂.ポロリ篇,2017_3
2552,11280,僕の彼女がマジメ過ぎるしょびっちな件,2017_3
2553,11305,おそ松さん第2期,2017_3
2554,10582,Infini-TForce,2017_3
2555,10768,UQHOLDER！～魔法先生ネギま！2～,2017_3
2556,11329,アイドルマスターシンデレラガールズ劇場2ndSEASON,2017_3
2557,11399,いつだって僕らの恋は10センチだった。,2017_3
2558,11088,アイドルマスターSideM,2017_3
2559,11338,牙狼＜GARO＞-VANISHINGLINE-,2017_3
2560,11224,アニメガタリズ,2017_3
2561,11295,お酒は夫婦になってから,2017_3
2562,11336,ファイアボールユーモラス,2017_3
2563,11290,つうかあ,2017_3
2564,11331,aisekiMOGOLGIRL,2017_3
2565,10995,"WakeUp,Girls！新章",2017_3
2566,11344,ブラッククローバー,2017_3
2567,11363,ディアホライゾン(被),2017_3
2568,11317,URAHARA,2017_3
2569,10191,Code：Realize〜創世の姫君〜,2017_3
2570,11268,クラシカロイド第2シリーズ,2017_3
2571,9672,Diesirae（ディエス・イレ）,2017_3
2572,11328,お見合い相手は教え子、強気な、問題児。,2017_3
2573,11332,ROBOMASTERSTHEANIMATEDSERIES,2017_3
2574,11350,タイムボカン逆襲の三悪人,2017_3
2575,11298,俺たちゃ妖怪人間,2017_3
2576,11333,TSUKIPROTHEANIMATION,2017_3
2577,11293,王様ゲームTheAnimation,2017_3
2578,11330,ラブ米二期作,2017_3
2579,11160,戦刻ナイトブラッド,2017_3
2580,11219,大正メビウスラインちっちゃいさん,2017_3
2581,11368,EVILORLIVE,2017_3
2582,11080,DYNAMICCHORD,2017_3
2583,11349,GLAMOROUSHEROES,2017_3
2584,11334,あめこん！！,2017_3
2585,11327,ピングーinザ・シティ,2017_3
2586,11371,カードファイト！！ヴァンガードGZ,2017_3
2587,11370,おにゃんこポン,2017_3
2588,11335,シルバニアファミリーミニストーリー,2017_3
2589,12226,アニ×パラ〜あなたのヒーローは誰ですか〜episode1ブラインドサッカー,2017_3
2590,12225,アニ×パラ〜あなたのヒーローは誰ですか〜episode2パラ陸上競技,2017_3
2591,11393,宇宙よりも遠い場所,2018_0
2592,10723,ヴァイオレット・エヴァーガーデン,2018_0
2593,11082,ゆるキャン△,2018_0
2594,11269,からかい上手の高木さん,2018_0
2595,11131,オーバーロードII,2018_0
2596,11395,ダーリン・イン・ザ・フランキス,2018_0
2597,11118,恋は雨上がりのように,2018_0
2598,11411,りゅうおうのおしごと！,2018_0
2599,11373,ハクメイとミコチ,2018_0
2600,11489,斉木楠雄のΨ難第2期,2018_0
2601,11137,三ツ星カラーズ,2018_0
2602,11367,スロウスタート,2018_0
2603,10900,七つの大罪戒めの復活,2018_0
2604,10979,citrus,2018_0
2605,11307,だがしかし2,2018_0
2606,11227,ラーメン大好き小泉さん,2018_0
2607,11432,博多豚骨ラーメンズ,2018_0
2608,10993,デスマーチからはじまる異世界狂想曲,2018_0
2609,10740,カードキャプターさくらクリアカード編(2018),2018_0
2610,11490,学園ベビーシッターズ,2018_0
2611,11374,刻刻,2018_0
2612,11422,銀魂.銀ノ魂篇,2018_0
2613,11306,刀使ノ巫女,2018_0
2614,11500,ミイラの飼い方,2018_0
2615,10983,グランクレスト戦記,2018_0
2616,11493,新幹線変形ロボシンカリオンTHEANIMATION,2018_0
2617,11475,アイドリッシュセブン,2018_0
2618,11584,HUGっと！プリキュア,2018_0
2619,11267,弱虫ペダルGLORYLINE,2018_0
2620,11171,ポプテピピック,2018_0
2621,11301,たくのみ。,2018_0
2622,11405,BEATLESS,2018_0
2623,11492,キリングバイツ,2018_0
2624,11491,ダメプリANIMECARAVAN,2018_0
2625,10577,Fate／EXTRALastEncore,2018_0
2626,11081,続刀剣乱舞-花丸-,2018_0
2627,11539,オーバーロードちびキャラアニメ「ぷれぷれぷれあです2」,2018_0
2628,11429,まめねこ,2018_0
2629,11407,メルヘン・メドヘン,2018_0
2630,11471,Fate／GrandOrder-MOONLIGHT／LOSTROOM-,2018_0
2631,11385,伊藤潤二「コレクション」,2018_0
2632,11499,働くお兄さん！,2018_0
2633,11455,一人之下2theoutcast羅天大醮編,2018_0
2634,11430,怪獣娘～ウルトラ怪獣擬人化計画～第2期,2018_0
2635,11065,サンリオ男子,2018_0
2636,11470,七つの美徳,2018_0
2637,11467,Spiritpact-黄泉の契り-,2018_0
2638,11538,gdメンgdgdmen'sparty,2018_0
2639,11543,25歳の女子高生,2018_0
2640,11472,バジリスク～桜花忍法帖～,2018_0
2641,11461,覇穹封神演義,2018_0
2642,11468,剣王朝,2018_0
2643,11536,サクラノチカイ～まろに☆え～る東の飛鳥下野市をえーる！～,2018_0
2644,11498,みっちりねこ,2018_0
2645,11535,ポチっと発明ピカちんキット,2018_0
2646,11559,戦隊ヒーロースキヤキフォースぐんまの平和を願うシーズンえ、また？,2018_0
2647,12187,放課後ミッドナイターズ,2018_0
2648,11583,帰ってきたアイゼンボーグ,2018_0
2649,9407,STEINS；GATE0[シュタインズ・ゲート・ゼロ],2018_1
2650,11480,ヒナまつり,2018_1
2651,11444,ゴールデンカムイ,2018_1
2652,11504,ソードアート・オンラインオルタナティブガンゲイル・オンライン,2018_1
2653,11495,僕のヒーローアカデミア（第3期）,2018_1
2654,11452,多田くんは恋をしない,2018_1
2655,11443,ウマ娘プリティーダービー,2018_1
2656,11507,ヲタクに恋は難しい,2018_1
2657,11262,こみっくがーるず,2018_1
2658,11502,食戟のソーマ餐ノ皿遠月列車篇,2018_1
2659,11578,ひそねとまそたん,2018_1
2660,11643,ルパン三世PART5,2018_1
2661,10469,フルメタル・パニック！InvisibleVictory（IV）,2018_1
2662,11515,鬼灯の冷徹第弐期その弐,2018_1
2663,11365,東京喰種：re,2018_1
2664,11514,MAJOR2nd,2018_1
2665,11326,銀河英雄伝説DieNeueThese邂逅,2018_1
2666,11417,ピアノの森,2018_1
2667,11548,信長の忍び～姉川・石山篇～,2018_1
2668,11503,PERSONA5theAnimation,2018_1
2669,11524,レイトンミステリー探偵社～カトリーのナゾトキファイル～,2018_1
2670,11590,宇宙戦艦ティラミス,2018_1
2671,11481,メガロボクス,2018_1
2672,11002,ハイスクールD×DHERO,2018_1
2673,11418,あまんちゅ！～あどばんす～,2018_1
2674,11556,3D彼女リアルガール,2018_1
2675,11508,鹿楓堂よついろ日和,2018_1
2676,11639,若おかみは小学生！,2018_1
2677,11509,LostorageconflatedWIXOSS,2018_1
2678,11558,踏切時間,2018_1
2679,11581,ラストピリオド―終わりなき螺旋の物語―,2018_1
2680,11522,魔法少女サイト,2018_1
2681,11552,ゲゲゲの鬼太郎[第6作-2018],2018_1
2682,11175,グラゼニ,2018_1
2683,11580,ガンダムビルドダイバーズ,2018_1
2684,9523,魔法少女俺,2018_1
2685,11521,かくりよの宿飯,2018_1
2686,11598,あっくんとカノジョ,2018_1
2687,11622,LOSTSONG,2018_1
2688,11715,TOBEHERO2-TOBEHEROINE-,2018_1
2689,11561,アイカツフレンズ！,2018_1
2690,11511,デビルズライン,2018_1
2691,11505,キャプテン翼（2018）,2018_1
2692,11501,Caligula-カリギュラ-,2018_1
2693,11512,ニル・アドミラリの天秤,2018_1
2694,11506,奴隷区TheAnimation,2018_1
2695,11513,蒼天の拳REGENESIS,2018_1
2696,10822,イナズマイレブンアレスの天秤,2018_1
2697,11483,ありすorありす,2018_1
2698,11591,立花館ToLieあんぐる,2018_1
2699,11575,お前はまだグンマを知らない,2018_1
2700,11588,甘い懲罰～私は看守専用ペット,2018_1
2701,11560,キラッとプリ☆チャン,2018_1
2702,11479,重神機パンドーラ,2018_1
2703,11523,実験品家族-クリーチャーズ・ファミリー・デイズ-,2018_1
2704,10840,されど罪人は竜と踊る,2018_1
2705,11577,CutieHoneyUniverse,2018_1
2706,11681,美男高校地球防衛部HAPPYKISS！,2018_1
2707,11510,Butlers～千年百年物語～,2018_1
2708,11637,SNSポリス,2018_1
2709,11638,レディスポ,2018_1
2710,11593,妖怪ウォッチシャドウサイド,2018_1
2711,11654,俺たちゃ妖怪人間G,2018_1
2712,11541,パズドラ,2018_1
2713,11679,こねこのチーポンポンらー大旅行,2018_1
2714,11721,カードファイト！！ヴァンガード,2018_1
2715,11663,ベイブレードバースト超ゼツ,2018_1
2716,11751,フューチャーカード神バディファイト,2018_1
2717,11943,テレビ野郎ナナーナ,2018_1
2718,11684,うさぎのマシュー,2018_1
2719,11677,フューチャーカードバディファイトXオールスターファイト,2018_1
2720,8182,ハイスコアガール,2018_2
2721,11553,はたらく細胞,2018_2
2722,11629,あそびあそばせ,2018_2
2723,11786,オーバーロードⅢ,2018_2
2724,11699,進撃の巨人Season3,2018_2
2725,11633,異世界魔王と召喚少女の奴隷魔術,2018_2
2726,11606,ぐらんぶる,2018_2
2727,11594,BANANAFISH,2018_2
2728,11649,ヤマノススメサードシーズン,2018_2
2729,11604,ちおちゃんの通学路,2018_2
2730,11635,はるかなレシーブ,2018_2
2731,11579,はねバド！,2018_2
2732,11656,プラネット・ウィズ,2018_2
2733,11641,ハッピーシュガーライフ,2018_2
2734,11664,少女☆歌劇レヴュースタァライト,2018_2
2735,11428,邪神ちゃんドロップキック,2018_2
2736,11762,OneRoomセカンドシーズン,2018_2
2737,10564,ISLAND,2018_2
2738,11742,BackStreetGirls－ゴクドルズ－,2018_2
2739,11669,ゆらぎ荘の幽奈さん,2018_2
2740,11645,天狼SiriustheJaeger,2018_2
2741,11743,Free！-DivetotheFuture-,2018_2
2742,11658,つくもがみ貸します,2018_2
2743,11497,すのはら荘の管理人さん,2018_2
2744,11630,アンゴルモア元寇合戦記,2018_2
2745,11791,銀魂.銀ノ魂篇後半戦,2018_2
2746,11761,兄に付ける薬はない！2,2018_2
2747,11623,中間管理録トネガワ,2018_2
2748,11603,アイドルマスターシンデレラガールズ劇場3rdSEASON,2018_2
2749,11825,オーバーロードちびキャラアニメ「ぷれぷれぷれあです3」,2018_2
2750,11644,ムヒョとロージーの魔法律相談事務所,2018_2
2751,11627,殺戮の天使,2018_2
2752,11657,PhantomintheTwilight,2018_2
2753,11617,京都寺町三条のホームズ,2018_2
2754,11775,働くお兄さん！の2！,2018_2
2755,11746,七星のスバル,2018_2
2756,11621,音楽少女,2018_2
2757,11724,深夜！天才バカボン,2018_2
2758,11773,ゾイドワイルド,2018_2
2759,11763,闇芝居（第6期）,2018_2
2760,11714,百錬の覇王と聖約の戦乙女,2018_2
2761,10850,夢王国と眠れる100人の王子様,2018_2
2762,11747,じょしおちっ！～2階から女の子が…降ってきた！？～,2018_2
2763,11655,千銃士,2018_2
2764,11774,悪偶-天才人形-,2018_2
2765,11790,ロードオブヴァーミリオン紅蓮の王,2018_2
2766,11781,陰陽師平安物語,2018_2
2767,11982,ざんねんないきもの事典,2018_2
2768,11792,スペースバグ,2018_2
2769,11924,キラキラハッピー☆ひらけ！ここたま,2018_2
2770,12227,アニ×パラ〜あなたのヒーローは誰ですか〜episode3車いすテニス,2018_2
2771,11846,青春ブタ野郎はバニーガール先輩の夢を見ない,2018_3
2772,11857,ゾンビランドサガ,2018_3
2773,11642,色づく世界の明日から,2018_3
2774,11636,ソードアート･オンラインアリシゼーション,2018_3
2775,11843,ゴブリンスレイヤー,2018_3
2776,11608,転生したらスライムだった件,2018_3
2777,11675,SSSS.GRIDMAN,2018_3
2778,11700,やがて君になる,2018_3
2779,11759,風が強く吹いている,2018_3
2780,11760,ジョジョの奇妙な冒険黄金の風,2018_3
2781,11842,ゴールデンカムイ（第二期）,2018_3
2782,11687,うちのメイドがウザすぎる！,2018_3
2783,11739,寄宿学校のジュリエット,2018_3
2784,11770,となりの吸血鬼さん,2018_3
2785,11758,とある魔術の禁書目録[インデックス]Ⅲ第3期,2018_3
2786,11811,からくりサーカス,2018_3
2787,11666,RELEASETHESPYCE,2018_3
2788,11783,ツルネ―風舞高校弓道部―,2018_3
2789,11741,火ノ丸相撲,2018_3
2790,11801,アニマエール！,2018_3
2791,11909,グラゼニシーズン２,2018_3
2792,11862,DOUBLEDECKER！ダグ＆キリル,2018_3
2793,11837,宇宙戦艦ティラミスⅡ,2018_3
2794,11900,FAIRYTAILファイナルシリーズ,2018_3
2795,11756,ベルゼブブ嬢のお気に召すまま。,2018_3
2796,11847,東京喰種：re最終章,2018_3
2797,11897,メルクストーリア-無気力少年と瓶の中の少女-,2018_3
2798,11886,抱かれたい男1位に脅されています。,2018_3
2799,11838,ガイコツ書店員本田さん,2018_3
2800,11573,ラディアン,2018_3
2801,11927,宇宙戦艦ヤマト2202愛の戦士たち,2018_3
2802,11814,あかねさす少女,2018_3
2803,11841,逆転裁判その「真実」、異議あり！Season2,2018_3
2804,11803,叛逆性ミリオンアーサー,2018_3
2805,11863,でびどる！,2018_3
2806,11891,軒轅剣・蒼き曜,2018_3
2807,11646,INGRESS,2018_3
2808,11910,その時、カノジョは。,2018_3
2809,11848,ひもてはうす,2018_3
2810,11709,ユリシーズジャンヌ・ダルクと錬金の騎士,2018_3
2811,11907,閃乱カグラSHINOVIMASTER-東京妖魔篇-,2018_3
2812,11834,アイドルマスターSideM理由あってMini！,2018_3
2813,11872,走り続けてよかったって。,2018_3
2814,11883,おこしやす、ちとせちゃん,2018_3
2815,11903,ほら、耳がみえてるよ！,2018_3
2816,11784,RErideD－刻越えのデリダ－,2018_3
2817,11882,おとなの防具屋さん,2018_3
2818,11840,狐狸之声,2018_3
2819,11726,俺が好きなのは妹だけど妹じゃない,2018_3
2820,11844,CONCEPTION,2018_3
2821,11757,ソラとウミのアイダ,2018_3
2822,11899,BAKUMATSU,2018_3
2823,11845,人外さんの嫁,2018_3
2824,11830,終電後､カプセルホテルで、上司に微熱伝わる夜。,2018_3
2825,11839,学園BASARA,2018_3
2826,11835,イナズマイレブンオリオンの刻印,2018_3
2827,11902,愛玩怪獣,2018_3
2828,11887,爆釣バーハンター,2018_3
2829,12231,アニ×パラ〜あなたのヒーローは誰ですか〜episode5車いすラグビー,2018_3
2830,12229,アニ×パラ〜あなたのヒーローは誰ですか〜episode4ゴールボール,2018_3
2831,11868,かぐや様は告らせたい～天才たちの恋愛頭脳戦～,2019_0
2832,12010,約束のネバーランド,2019_0
2833,11894,盾の勇者の成り上がり,2019_0
2834,11893,五等分の花嫁,2019_0
2835,12013,モブサイコ100II,2019_0
2836,11914,どろろ,2019_0
2837,11931,私に天使が舞い降りた！,2019_0
2838,11892,ケムリクサ,2019_0
2839,11998,同居人はひざ、時々、頭のうえ。,2019_0
2840,12005,賭ケグルイ××,2019_0
2841,11808,上野さんは不器用,2019_0
2842,11941,えんどろ～！,2019_0
2843,12025,3D彼女リアルガール（第2シーズン）,2019_0
2844,11918,ドメスティックな彼女,2019_0
2845,11895,BanGDream！（バンドリ！）2ndSeason,2019_0
2846,11609,ブギーポップは笑わない,2019_0
2847,11648,revisionsリヴィジョンズ,2019_0
2848,11860,荒野のコトブキ飛行隊,2019_0
2849,12016,デート・ア・ライブIII,2019_0
2850,12037,はたらく細胞特別編「風邪症候群」,2019_0
2851,11896,魔法少女特殊戦あすか,2019_0
2852,12045,ピアノの森（第2シリーズ）,2019_0
2853,11997,みにとじ,2019_0
2854,12029,マナリアフレンズ,2019_0
2855,10908,明治東亰恋伽（TVアニメ）,2019_0
2856,12087,スター☆トゥインクルプリキュア,2019_0
2857,12088,ルパン三世グッバイ・パートナー,2019_0
2858,11962,不機嫌なモノノケ庵續,2019_0
2859,11867,ガーリー・エアフォース,2019_0
2860,12002,グリムノーツTheAnimation,2019_0
2861,11987,ＮＨＫバーチャルのど自慢,2019_0
2862,11961,エガオノダイカ,2019_0
2863,12041,サークレット・プリンセス,2019_0
2864,12034,マンガでわかる！Fate／GrandOrder,2019_0
2865,12028,フライングベイビーズ,2019_0
2866,12015,B-PROJECT～絶頂＊エモーション～,2019_0
2867,12018,W'z《ウィズ》,2019_0
2868,11953,ぱすてるメモリーズ,2019_0
2869,12014,バミューダトライアングル～カラフル・パストラーレ～,2019_0
2870,12043,パパだって、したい,2019_0
2871,12019,臨死‼江古田ちゃん,2019_0
2872,12027,Dimensionハイスクール,2019_0
2873,11996,雨色ココアsideG,2019_0
2874,11947,けものフレンズ２,2019_0
2875,12020,バーチャルさんはみている,2019_0
2876,12042,真夜中のボイトレ男子,2019_0
2877,12237,アニ×パラ〜あなたのヒーローは誰ですか〜episode6視覚障害者柔道,2019_0
2878,12024,鬼滅の刃,2019_1
2879,12093,進撃の巨人Season3Part.2,2019_1
2880,10884,ワンパンマン（第2期）,2019_1
2881,11906,異世界かるてっと,2019_1
2882,12120,この音とまれ！,2019_1
2883,12023,ぼくたちは勉強ができない,2019_1
2884,11859,ひとりぼっちの○○生活,2019_1
2885,12067,フルーツバスケット[トムス・エンタテインメント版],2019_1
2886,11764,キャロル＆チューズデイ,2019_1
2887,12064,さらざんまい,2019_1
2888,11993,世話やきキツネの仙狐さん,2019_1
2889,12168,文豪ストレイドッグス第3シーズン,2019_1
2890,12051,MIX,2019_1
2891,12047,機動戦士ガンダムTHEORIGIN,2019_1
2892,11995,川柳少女,2019_1
2893,12030,みだらな青ちゃんは勉強ができない,2019_1
2894,11985,八十亀ちゃんかんさつにっき,2019_1
2895,12143,アイドルマスターシンデレラガールズ劇場CLIMAXSEASON,2019_1
2896,12112,KINGOFPRISM-ShinySevenStars-,2019_1
2897,12099,なんでここに先生が！？,2019_1
2898,12145,ダイヤのAactII,2019_1
2899,12049,ストライクウィッチーズ501部隊発進しますっ！,2019_1
2900,12071,超可動ガール1／6,2019_1
2901,12116,八月のシンデレラナイン,2019_1
2902,12077,Fairygoneフェアリーゴーン,2019_1
2903,12157,叛逆性ミリオンアーサー第2シーズン,2019_1
2904,11079,この世の果てで恋を唄う少女YU-NO,2019_1
2905,11871,賢者の孫,2019_1
2906,12103,四月一日さん家の,2019_1
2907,12156,アイカツフレンズ！～かがやきのジュエル～,2019_1
2908,12165,真夜中のオカルト公務員,2019_1
2909,12101,RobiHachi,2019_1
2910,12104,洗い屋さん！～俺とアイツが女湯で！？～,2019_1
2911,12073,女子かう生,2019_1
2912,12001,ノブナガ先生の幼な妻,2019_1
2913,12174,なむあみだ仏っ！-蓮台UTENA-,2019_1
2914,12048,消滅都市,2019_1
2915,12160,BAKUMATSUクライシス,2019_1
2916,12052,群青のマグメル,2019_1
2917,12163,フリージ,2019_1
2918,12144,爆丸バトルプラネット,2019_1
2919,12169,凹凸世界,2019_1
2920,12170,妖怪ウォッチ！,2019_1
2921,12158,けだまのゴンじろー,2019_1
2922,12131,彼方のアストラ,2019_2
2923,12190,女子高生の無駄づかい,2019_2
2924,12200,からかい上手の高木さん②,2019_2
2925,12136,荒ぶる季節の乙女どもよ。,2019_2
2926,12063,ダンベル何キロ持てる？,2019_2
2927,12213,まちカドまぞく,2019_2
2928,11983,Dr.STONE,2019_2
2929,12184,ヴィンランド・サガ,2019_2
2930,12233,ダンジョンに出会いを求めるのは間違っているだろうかII,2019_2
2931,12044,ロード・エルメロイⅡ世の事件簿-魔眼蒐集列車Gracenote-,2019_2
2932,12185,ソウナンですか？,2019_2
2933,10473,戦姫絶唱シンフォギアXV(第5期),2019_2
2934,12208,炎炎ノ消防隊,2019_2
2935,12139,コップクラフト,2019_2
2936,12133,可愛ければ変態でも好きになってくれますか？,2019_2
2937,12204,とある科学の一方通行,2019_2
2938,12246,Re：ステージ！ドリームデイズ♪,2019_2
2939,12129,手品先輩,2019_2
2940,11442,ありふれた職業で世界最強,2019_2
2941,12179,うちの娘の為ならば、俺はもしかしたら魔王も倒せるかもしれない。,2019_2
2942,12242,魔王様、リトライ！,2019_2
2943,12137,グランベルム,2019_2
2944,12253,ギヴン,2019_2
2945,12135,BEM,2019_2
2946,12183,通常攻撃が全体攻撃で二回攻撃のお母さんは好きですか？,2019_2
2947,12232,かつて神だった獣たちへ,2019_2
2948,12251,ビジネスフィッシュ,2019_2
2949,12243,スタミュ（第3期）,2019_2
2950,12249,胡蝶綺～若き信長～,2019_2
2951,12248,闇芝居(第7期),2019_2
2952,10294,あんさんぶるスターズ！,2019_2
2953,12247,指先から本気の熱情-幼なじみは消防士-,2019_2
2954,12245,ナカノヒトゲノム【実況中】,2019_2
2955,12252,博多明太！ぴりからこちゃん,2019_2
2956,12250,異世界チート魔術師,2019_2
2957,12167,トライナイツ,2019_2
2958,12367,パプリカ米津玄師バージョン,2019_2
2959,12346,ハイスコアガールII,2019_3
2960,12331,この音とまれ！第2クール,2019_3
2961,12334,慎重勇者～この勇者が俺TUEEEくせに慎重すぎる～,2019_3
2962,12151,BEASTARS,2019_3
2963,12290,本好きの下剋上～司書になるためには手段を選んでいられません～,2019_3
2964,12338,ソードアート・オンラインアリシゼーションWarofUnderworld,2019_3
2965,12354,ぼくたちは勉強ができない！第2期,2019_3
2966,12287,PSYCHO-PASSサイコパス3,2019_3
2967,12138,ちはやふる3,2019_3
2968,12332,食戟のソーマ神ノ皿,2019_3
2969,12355,僕のヒーローアカデミア（第4期）,2019_3
2970,12347,旗揚！けものみち,2019_3
2971,12271,私、能力は平均値でって言ったよね！,2019_3
2972,12325,俺を好きなのはお前だけかよ,2019_3
2973,12349,バビロン,2019_3
2974,12353,放課後さいころ倶楽部,2019_3
2975,12150,星合の空,2019_3
2976,12329,GRANBLUEFANTASYTheAnimationseason2,2019_3
2977,12356,魔入りました！入間くん,2019_3
2978,12320,あひるの空,2019_3
2979,12352,Fate／GrandOrder-絶対魔獣戦線バビロニア-,2019_3
2980,12319,兄に付ける薬はない！3,2019_3
2981,12359,ラディアン第2シリーズ,2019_3
2982,12317,アサシンズプライド,2019_3
2983,12343,七つの大罪神々の逆鱗,2019_3
2984,12345,ノー・ガンズ・ライフ,2019_3
2985,12351,Fairygoneフェアリーゴーン第2クール,2019_3
2986,12358,ライフル・イズ・ビューティフル,2019_3
2987,12327,歌舞伎町シャーロック,2019_3
2988,12341,超人高校生たちは異世界でも余裕で生き抜くようです！,2019_3
2989,12333,真・中華一番！,2019_3
2990,12330,警視庁特務部特殊凶悪犯対策室第七課-トクナナ-,2019_3
2991,12350,ファンタシースターオンライン2エピソード・オラクル,2019_3
2992,12324,XL上司。,2019_3
2993,12321,アフリカのサラリーマン,2019_3
2994,12284,神田川JETGIRLS,2019_3
2995,12323,戦×恋,2019_3
2996,12318,アズールレーン,2019_3
2997,12340,厨病激発ボーイ,2019_3
2998,12337,Z／XCodereunion,2019_3
2999,12342,天華百剣～めいじ館へようこそ！～,2019_3
3000,12336,スタンドマイヒーローズPIECEOFTRUTH,2019_3
3001,12316,ACTORS-SongsConnection-,2019_3
3002,12322,浦島坂田船の日常,2019_3
3003,12315,アイカツオンパレード！,2019_3
3004,12339,ゾイドワイルドZERO,2019_3
3005,12450,ポケットモンスター,2019_3
3006,12463,ルパン三世プリズン・オブ・ザ・パスト,2019_3
3007,12470,耐え子の日常,2019_3
3008,12588,どるふろ-癒し編-,2019_3
3009,12430,映像研には手を出すな！,2020_0
3010,12386,マギアレコード魔法少女まどか☆マギカ外伝,2020_0
3011,12402,虚構推理,2020_0
3012,12426,とある科学の超電磁砲T,2020_0
3013,12155,空挺ドラゴンズ,2020_0
3014,12507,『Re：ゼロから始める異世界生活』第1期新編集版,2020_0
3015,12410,ランウェイで笑って,2020_0
3016,12132,ソマリと森の神様,2020_0
3017,12387,恋する小惑星,2020_0
3018,12391,推しが武道館いってくれたら死ぬ,2020_0
3019,12473,群れなせ！シートン学園,2020_0
3020,12432,宝石商リチャード氏の謎鑑定,2020_0
3021,12423,理系が恋に落ちたので証明してみた。,2020_0
3022,12457,ハイキュー！！TOTHETOP,2020_0
3023,12436,異種族レビュアーズ,2020_0
3024,12403,ドロヘドロ,2020_0
3025,12441,へやキャン△,2020_0
3026,12431,pet,2020_0
3027,12466,痛いのは嫌なので防御力に極振りしたいと思います。,2020_0
3028,12529,ID：INVADEDイド：インヴェイデッド,2020_0
3029,12443,地縛少年花子くん,2020_0
3030,12437,ダーウィンズゲーム,2020_0
3031,12536,うちタマ？！～うちのタマ知りませんか？～,2020_0
3032,12452,八十亀ちゃんかんさつにっき2さつめ,2020_0
3033,12467,なつなぐ！,2020_0
3034,12409,インフィニット・デンドログラム,2020_0
3035,12435,ネコぱら,2020_0
3036,12468,魔術士オーフェンはぐれ旅,2020_0
3037,12396,プランダラ,2020_0
3038,12398,織田シナモン信長,2020_0
3039,12399,22／7,2020_0
3040,12442,ぼくのとなりに暗黒破壊神がいます。,2020_0
3041,12440,異世界かるてっと2,2020_0
3042,12541,魔法科高校の劣等生来訪者編,2020_0
3043,12474,おーばーふろぉ,2020_0
3044,12528,はてな☆イリュージョン,2020_0
3045,12454,SHOWBYROCK！！ましゅまいれっしゅ！！,2020_0
3046,12522,number24,2020_0
3047,12465,りばあす,2020_0
3048,12537,A3！SEASONSPRING＆SUMMER,2020_0
3049,12538,ARPBackstagePass,2020_0
3050,12525,乙女ゲームの破滅フラグしか無い悪役令嬢に転生してしまった…,2020_1
3051,12544,イエスタデイをうたって,2020_1
3052,12534,放課後ていぼう日誌,2020_1
3053,12562,転生したらスライムだった件(第2期),2020_1
3054,12605,彼女、お借りします,2020_2
